-- phpMyAdmin SQL Dump
-- version 4.9.7
-- https://www.phpmyadmin.net/
--
-- Host: localhost:3306
-- Generation Time: Oct 28, 2021 at 02:50 PM
-- Server version: 5.7.36
-- PHP Version: 7.3.30

SET SQL_MODE = "NO_AUTO_VALUE_ON_ZERO";
SET AUTOCOMMIT = 0;
START TRANSACTION;
SET time_zone = "+00:00";


/*!40101 SET @OLD_CHARACTER_SET_CLIENT=@@CHARACTER_SET_CLIENT */;
/*!40101 SET @OLD_CHARACTER_SET_RESULTS=@@CHARACTER_SET_RESULTS */;
/*!40101 SET @OLD_COLLATION_CONNECTION=@@COLLATION_CONNECTION */;
/*!40101 SET NAMES utf8mb4 */;

--
-- Database: `k4570937_sidakmasoem`
--

-- --------------------------------------------------------

--
-- Table structure for table `cabang`
--

CREATE TABLE `cabang` (
  `id` int(11) UNSIGNED NOT NULL,
  `kode_cabang` int(11) NOT NULL,
  `cabang` varchar(191) COLLATE utf8mb4_unicode_ci NOT NULL,
  `created_at` timestamp NULL DEFAULT NULL,
  `updated_at` timestamp NULL DEFAULT NULL
) ENGINE=InnoDB DEFAULT CHARSET=utf8mb4 COLLATE=utf8mb4_unicode_ci;

--
-- Dumping data for table `cabang`
--

INSERT INTO `cabang` (`id`, `kode_cabang`, `cabang`, `created_at`, `updated_at`) VALUES
(1, 0, 'Kantor Pusat', '2020-07-29 06:43:55', '2020-07-29 06:43:56'),
(2, 1, 'Majalaya', '2020-07-29 06:43:57', '2020-07-29 06:43:57'),
(3, 2, 'Jatiwangi', '2020-07-29 06:43:58', '2020-07-29 06:43:58'),
(4, 3, 'Kopo', '2020-07-29 06:44:00', '2020-07-29 06:43:59'),
(5, 4, 'Arcamanik', '2020-07-29 06:44:00', '2020-07-29 06:44:01'),
(6, 5, 'Cianjur', '2020-07-29 06:44:02', '2020-07-29 06:44:03'),
(7, 6, 'Garut', '2020-07-29 06:44:06', '2020-07-29 06:44:07'),
(8, 7, 'Kantor Kas YAB', '2020-07-29 06:44:08', '2020-07-29 06:44:08'),
(9, 8, 'Kantor Kas Kulalet', '2020-07-29 06:44:09', '2020-07-29 06:44:09'),
(10, 9, 'Kantor Kas Guntur', '2020-07-29 06:44:10', '2020-07-29 06:44:12'),
(11, 10, 'Kantor Kas Ciwidey', '2020-07-29 06:44:13', '2020-07-29 06:44:14');

-- --------------------------------------------------------

--
-- Table structure for table `cuti`
--

CREATE TABLE `cuti` (
  `id` int(11) UNSIGNED NOT NULL,
  `karyawan_id` int(11) NOT NULL,
  `tgl_awal` date NOT NULL,
  `tgl_akhir` date NOT NULL,
  `keterangan` varchar(255) COLLATE utf8mb4_unicode_ci NOT NULL,
  `status` varchar(255) COLLATE utf8mb4_unicode_ci NOT NULL,
  `created_at` timestamp NULL DEFAULT NULL,
  `updated_at` timestamp NULL DEFAULT NULL
) ENGINE=InnoDB DEFAULT CHARSET=utf8mb4 COLLATE=utf8mb4_unicode_ci;

-- --------------------------------------------------------

--
-- Table structure for table `failed_jobs`
--

CREATE TABLE `failed_jobs` (
  `id` int(11) UNSIGNED NOT NULL,
  `connection` text COLLATE utf8mb4_unicode_ci NOT NULL,
  `queue` text COLLATE utf8mb4_unicode_ci NOT NULL,
  `payload` longtext COLLATE utf8mb4_unicode_ci NOT NULL,
  `exception` longtext COLLATE utf8mb4_unicode_ci NOT NULL,
  `failed_at` timestamp NOT NULL DEFAULT CURRENT_TIMESTAMP
) ENGINE=InnoDB DEFAULT CHARSET=utf8mb4 COLLATE=utf8mb4_unicode_ci;

-- --------------------------------------------------------

--
-- Table structure for table `golongan`
--

CREATE TABLE `golongan` (
  `id` int(11) UNSIGNED NOT NULL,
  `golongan` varchar(191) COLLATE utf8mb4_unicode_ci NOT NULL,
  `gaji_pokok` int(11) NOT NULL,
  `uang_makan` int(11) NOT NULL,
  `created_at` timestamp NULL DEFAULT NULL,
  `updated_at` timestamp NULL DEFAULT NULL
) ENGINE=InnoDB DEFAULT CHARSET=utf8mb4 COLLATE=utf8mb4_unicode_ci;

--
-- Dumping data for table `golongan`
--

INSERT INTO `golongan` (`id`, `golongan`, `gaji_pokok`, `uang_makan`, `created_at`, `updated_at`) VALUES
(1, 'I.25', 200000, 16500, '2020-05-05 17:00:00', '2020-05-05 17:00:00'),
(2, 'I.24', 250000, 16500, '2020-05-05 17:00:00', '2020-05-05 17:00:00'),
(3, 'I.23', 300000, 16500, '2020-05-05 17:00:00', '2020-05-05 17:00:00'),
(4, 'I.22', 350000, 16500, '2020-05-05 17:00:00', '2020-05-05 17:00:00'),
(5, 'I.21', 400000, 16500, '2020-05-05 17:00:00', '2020-05-05 17:00:00'),
(6, 'I.20', 450000, 16500, '2020-05-05 17:00:00', '2020-05-05 17:00:00'),
(7, 'I.19', 500000, 16500, '2020-05-05 17:00:00', '2020-05-05 17:00:00'),
(8, 'I.18', 550000, 16500, '2020-05-05 17:00:00', '2020-05-05 17:00:00'),
(9, 'I.17', 600000, 16500, '2020-05-05 17:00:00', '2020-05-05 17:00:00'),
(10, 'I.16', 650000, 16500, '2020-05-05 17:00:00', '2020-05-05 17:00:00'),
(11, 'I.15', 720000, 16500, '2020-05-05 17:00:00', '2020-05-05 17:00:00'),
(12, 'I.14', 790000, 16500, '2020-05-05 17:00:00', '2020-05-05 17:00:00'),
(13, 'I.13', 860000, 16500, '2020-05-05 17:00:00', '2020-05-05 17:00:00'),
(14, 'I.12', 930000, 16500, '2020-05-05 17:00:00', '2020-05-05 17:00:00'),
(15, 'I.11', 1000000, 16500, '2020-05-05 17:00:00', '2020-05-05 17:00:00'),
(16, 'I.10', 1070000, 16500, '2020-05-05 17:00:00', '2020-05-05 17:00:00'),
(17, 'I.9', 1140000, 16500, '2020-05-05 17:00:00', '2020-05-05 17:00:00'),
(18, 'I.8', 1210000, 16500, '2020-05-05 17:00:00', '2020-05-05 17:00:00'),
(19, 'I.7', 1280000, 16500, '2020-05-05 17:00:00', '2020-05-05 17:00:00'),
(20, 'I.6', 1350000, 16500, '2020-05-05 17:00:00', '2020-05-05 17:00:00'),
(21, 'I.5', 1450000, 16500, '2020-05-05 17:00:00', '2020-05-05 17:00:00'),
(22, 'I.4', 1550000, 16500, '2020-05-05 17:00:00', '2020-05-05 17:00:00'),
(23, 'I.3', 1650000, 16500, '2020-05-05 17:00:00', '2020-05-05 17:00:00'),
(24, 'I.2', 1750000, 16500, '2020-05-05 17:00:00', '2020-05-05 17:00:00'),
(25, 'I.1', 1850000, 16500, '2020-05-05 17:00:00', '2020-05-05 17:00:00'),
(26, 'II.A25', 490000, 16500, '2020-05-05 17:00:00', '2020-05-05 17:00:00'),
(27, 'II.A24', 540000, 16500, '2020-05-05 17:00:00', '2020-05-05 17:00:00'),
(28, 'II.A23', 590000, 16500, '2020-05-05 17:00:00', '2020-05-05 17:00:00'),
(29, 'II.A22', 640000, 16500, '2020-05-05 17:00:00', '2020-05-05 17:00:00'),
(30, 'II.A21', 690000, 16500, '2020-05-05 17:00:00', '2020-05-05 17:00:00'),
(31, 'II.A20', 740000, 16500, '2020-05-05 17:00:00', '2020-05-05 17:00:00'),
(32, 'II.A19', 790000, 16500, '2020-05-05 17:00:00', '2020-05-05 17:00:00'),
(33, 'II.A18', 840000, 16500, '2020-05-05 17:00:00', '2020-05-05 17:00:00'),
(34, 'II.A17', 890000, 16500, '2020-05-05 17:00:00', '2020-05-05 17:00:00'),
(35, 'II.A16', 940000, 16500, '2020-05-05 17:00:00', '2020-05-05 17:00:00'),
(36, 'II.A15', 990000, 16500, '2020-05-05 17:00:00', '2020-05-05 17:00:00'),
(37, 'II.A14', 1040000, 16500, '2020-05-05 17:00:00', '2020-05-05 17:00:00'),
(38, 'II.A13', 1090000, 16500, '2020-05-05 17:00:00', '2020-05-05 17:00:00'),
(39, 'II.A12', 1150000, 16500, '2020-05-05 17:00:00', '2020-05-05 17:00:00'),
(40, 'II.A11', 1210000, 16500, '2020-05-05 17:00:00', '2020-05-05 17:00:00'),
(41, 'II.A10', 1270000, 16500, '2020-05-05 17:00:00', '2020-05-05 17:00:00'),
(42, 'II.A9', 1330000, 16500, '2020-05-05 17:00:00', '2020-05-05 17:00:00'),
(43, 'II.A8', 1390000, 16500, '2020-05-05 17:00:00', '2020-05-05 17:00:00'),
(44, 'II.A7', 1450000, 16500, '2020-05-05 17:00:00', '2020-05-05 17:00:00'),
(45, 'II.A6', 1510000, 16500, '2020-05-05 17:00:00', '2020-05-05 17:00:00'),
(46, 'II.A5', 1570000, 16500, '2020-05-05 17:00:00', '2020-05-05 17:00:00'),
(47, 'II.A4', 1630000, 16500, '2020-05-05 17:00:00', '2020-05-05 17:00:00'),
(48, 'II.A3', 1690000, 16500, '2020-05-05 17:00:00', '2020-05-05 17:00:00'),
(49, 'II.A2', 1750000, 16500, '2020-05-05 17:00:00', '2020-05-05 17:00:00'),
(50, 'II.A1', 1810000, 16500, '2020-05-05 17:00:00', '2020-05-05 17:00:00'),
(51, 'II.B25', 140000, 16500, '2020-05-05 17:00:00', '2020-05-05 17:00:00'),
(52, 'II.B24', 170000, 16500, '2020-05-05 17:00:00', '2020-05-05 17:00:00'),
(53, 'II.B23', 200000, 16500, '2020-05-05 17:00:00', '2020-05-05 17:00:00'),
(54, 'II.B22', 230000, 16500, '2020-05-05 17:00:00', '2020-05-05 17:00:00'),
(55, 'II.B21', 260000, 16500, '2020-05-05 17:00:00', '2020-05-05 17:00:00'),
(56, 'II.B20', 290000, 16500, '2020-05-05 17:00:00', '2020-05-05 17:00:00'),
(57, 'II.B19', 320000, 16500, '2020-05-05 17:00:00', '2020-05-05 17:00:00'),
(58, 'II.B18', 350000, 16500, '2020-05-05 17:00:00', '2020-05-05 17:00:00'),
(59, 'II.B17', 380000, 16500, '2020-05-05 17:00:00', '2020-05-05 17:00:00'),
(60, 'II.B16', 410000, 16500, '2020-05-05 17:00:00', '2020-05-05 17:00:00'),
(61, 'II.B15', 450000, 16500, '2020-05-05 17:00:00', '2020-05-05 17:00:00'),
(62, 'II.B14', 490000, 16500, '2020-05-05 17:00:00', '2020-05-05 17:00:00'),
(63, 'II.B13', 530000, 16500, '2020-05-05 17:00:00', '2020-05-05 17:00:00'),
(64, 'II.B12', 570000, 16500, '2020-05-05 17:00:00', '2020-05-05 17:00:00'),
(65, 'II.B11', 610000, 16500, '2020-05-05 17:00:00', '2020-05-05 17:00:00'),
(66, 'II.B10', 650000, 16500, '2020-05-05 17:00:00', '2020-05-05 17:00:00'),
(67, 'II.B9', 690000, 16500, '2020-05-05 17:00:00', '2020-05-05 17:00:00'),
(68, 'II.B8', 730000, 16500, '2020-05-05 17:00:00', '2020-05-05 17:00:00'),
(69, 'II.B7', 770000, 16500, '2020-05-05 17:00:00', '2020-05-05 17:00:00'),
(70, 'II.B6', 810000, 16500, '2020-05-05 17:00:00', '2020-05-05 17:00:00'),
(71, 'II.B5', 860000, 16500, '2020-05-05 17:00:00', '2020-05-05 17:00:00'),
(72, 'II.B4', 910000, 16500, '2020-05-05 17:00:00', '2020-05-05 17:00:00'),
(73, 'II.B3', 960000, 16500, '2020-05-05 17:00:00', '2020-05-05 17:00:00'),
(74, 'II.B2', 1010000, 16500, '2020-05-05 17:00:00', '2020-05-05 17:00:00'),
(75, 'II.B1', 1060000, 16500, '2020-05-05 17:00:00', '2020-05-05 17:00:00'),
(76, 'III.A25', 720000, 14000, '2020-05-05 17:00:00', '2020-05-05 17:00:00'),
(77, 'III.A24', 755000, 14000, '2020-05-05 17:00:00', '2020-05-05 17:00:00'),
(78, 'III.A23', 790000, 14000, '2020-05-05 17:00:00', '2020-05-05 17:00:00'),
(79, 'III.A22', 825000, 14000, '2020-05-05 17:00:00', '2020-05-05 17:00:00'),
(80, 'III.A21', 860000, 14000, '2020-05-05 17:00:00', '2020-05-05 17:00:00'),
(81, 'III.A20', 895000, 14000, '2020-05-05 17:00:00', '2020-05-05 17:00:00'),
(82, 'III.A19', 930000, 14000, '2020-05-05 17:00:00', '2020-05-05 17:00:00'),
(83, 'III.A18', 965000, 14000, '2020-05-05 17:00:00', '2020-05-05 17:00:00'),
(84, 'III.A17', 1000000, 14000, '2020-05-05 17:00:00', '2020-05-05 17:00:00'),
(85, 'III.A16', 1035000, 14000, '2020-05-05 17:00:00', '2020-05-05 17:00:00'),
(86, 'III.A15', 1070000, 14000, '2020-05-05 17:00:00', '2020-05-05 17:00:00'),
(87, 'III.A14', 1105000, 14000, '2020-05-05 17:00:00', '2020-05-05 17:00:00'),
(88, 'III.A13', 1140000, 14000, '2020-05-05 17:00:00', '2020-05-05 17:00:00'),
(89, 'III.A12', 1180000, 14000, '2020-05-05 17:00:00', '2020-05-05 17:00:00'),
(90, 'III.A11', 1220000, 14000, '2020-05-05 17:00:00', '2020-05-05 17:00:00'),
(91, 'III.A10', 1260000, 14000, '2020-05-05 17:00:00', '2020-05-05 17:00:00'),
(92, 'III.A9', 1300000, 14000, '2020-05-05 17:00:00', '2020-05-05 17:00:00'),
(93, 'III.A8', 1340000, 14000, '2020-05-05 17:00:00', '2020-05-05 17:00:00'),
(94, 'III.A7', 1380000, 14000, '2020-05-05 17:00:00', '2020-05-05 17:00:00'),
(95, 'III.A6', 1420000, 14000, '2020-05-05 17:00:00', '2020-05-05 17:00:00'),
(96, 'III.A5', 1460000, 14000, '2020-05-05 17:00:00', '2020-05-05 17:00:00'),
(97, 'III.A4', 1500000, 14000, '2020-05-05 17:00:00', '2020-05-05 17:00:00'),
(98, 'III.A3', 1540000, 14000, '2020-05-05 17:00:00', '2020-05-05 17:00:00'),
(99, 'III.A2', 1580000, 14000, '2020-05-05 17:00:00', '2020-05-05 17:00:00'),
(100, 'III.A1', 1620000, 14000, '2020-05-05 17:00:00', '2020-05-05 17:00:00'),
(101, 'III.B25', 320000, 14000, '2020-05-05 17:00:00', '2020-05-05 17:00:00'),
(102, 'III.B24', 350000, 14000, '2020-05-05 17:00:00', '2020-05-05 17:00:00'),
(103, 'III.B23', 380000, 14000, '2020-05-05 17:00:00', '2020-05-05 17:00:00'),
(104, 'III.B22', 410000, 14000, '2020-05-05 17:00:00', '2020-05-05 17:00:00'),
(105, 'III.B21', 440000, 14000, '2020-05-05 17:00:00', '2020-05-05 17:00:00'),
(106, 'III.B20', 470000, 14000, '2020-05-05 17:00:00', '2020-05-05 17:00:00'),
(107, 'III.B19', 500000, 14000, '2020-05-05 17:00:00', '2020-05-05 17:00:00'),
(108, 'III.B18', 530000, 14000, '2020-05-05 17:00:00', '2020-05-05 17:00:00'),
(109, 'III.B17', 560000, 14000, '2020-05-05 17:00:00', '2020-05-05 17:00:00'),
(110, 'III.B16', 590000, 14000, '2020-05-05 17:00:00', '2020-05-05 17:00:00'),
(111, 'III.B15', 620000, 14000, '2020-05-05 17:00:00', '2020-05-05 17:00:00'),
(112, 'III.B14', 650000, 14000, '2020-05-05 17:00:00', '2020-05-05 17:00:00'),
(113, 'III.B13', 680000, 14000, '2020-05-05 17:00:00', '2020-05-05 17:00:00'),
(114, 'III.B12', 715000, 14000, '2020-05-05 17:00:00', '2020-05-05 17:00:00'),
(115, 'III.B11', 750000, 14000, '2020-05-05 17:00:00', '2020-05-05 17:00:00'),
(116, 'III.B10', 785000, 14000, '2020-05-05 17:00:00', '2020-05-05 17:00:00'),
(117, 'III.B9', 820000, 14000, '2020-05-05 17:00:00', '2020-05-05 17:00:00'),
(118, 'III.B8', 855000, 14000, '2020-05-05 17:00:00', '2020-05-05 17:00:00'),
(119, 'III.B7', 890000, 14000, '2020-05-05 17:00:00', '2020-05-05 17:00:00'),
(120, 'III.B6', 925000, 14000, '2020-05-05 17:00:00', '2020-05-05 17:00:00'),
(121, 'III.B5', 960000, 14000, '2020-05-05 17:00:00', '2020-05-05 17:00:00'),
(122, 'III.B4', 995000, 14000, '2020-05-05 17:00:00', '2020-05-05 17:00:00'),
(123, 'III.B3', 1030000, 14000, '2020-05-05 17:00:00', '2020-05-05 17:00:00'),
(124, 'III.B2', 1065000, 14000, '2020-05-05 17:00:00', '2020-05-05 17:00:00'),
(125, 'III.B1', 1100000, 14000, '2020-05-05 17:00:00', '2020-05-05 17:00:00'),
(126, 'III.C25', 120000, 14000, '2020-05-05 17:00:00', '2020-05-05 17:00:00'),
(127, 'III.C24', 140000, 14000, '2020-05-05 17:00:00', '2020-05-05 17:00:00'),
(128, 'III.C23', 160000, 14000, '2020-05-05 17:00:00', '2020-05-05 17:00:00'),
(129, 'III.C22', 180000, 14000, '2020-05-05 17:00:00', '2020-05-05 17:00:00'),
(130, 'III.C21', 200000, 14000, '2020-05-05 17:00:00', '2020-05-05 17:00:00'),
(131, 'III.C20', 220000, 14000, '2020-05-05 17:00:00', '2020-05-05 17:00:00'),
(132, 'III.C19', 240000, 14000, '2020-05-05 17:00:00', '2020-05-05 17:00:00'),
(133, 'III.C18', 260000, 14000, '2020-05-05 17:00:00', '2020-05-05 17:00:00'),
(134, 'III.C17', 280000, 14000, '2020-05-05 17:00:00', '2020-05-05 17:00:00'),
(135, 'III.C16', 300000, 14000, '2020-05-05 17:00:00', '2020-05-05 17:00:00'),
(136, 'III.C15', 325000, 14000, '2020-05-05 17:00:00', '2020-05-05 17:00:00'),
(137, 'III.C14', 350000, 14000, '2020-05-05 17:00:00', '2020-05-05 17:00:00'),
(138, 'III.C13', 375000, 14000, '2020-05-05 17:00:00', '2020-05-05 17:00:00'),
(139, 'III.C12', 400000, 14000, '2020-05-05 17:00:00', '2020-05-05 17:00:00'),
(140, 'III.C11', 425000, 14000, '2020-05-05 17:00:00', '2020-05-05 17:00:00'),
(141, 'III.C10', 450000, 14000, '2020-05-05 17:00:00', '2020-05-05 17:00:00'),
(142, 'III.C9', 475000, 14000, '2020-05-05 17:00:00', '2020-05-05 17:00:00'),
(143, 'III.C8', 500000, 14000, '2020-05-05 17:00:00', '2020-05-05 17:00:00'),
(144, 'III.C7', 525000, 14000, '2020-05-05 17:00:00', '2020-05-05 17:00:00'),
(145, 'III.C6', 550000, 14000, '2020-05-05 17:00:00', '2020-05-05 17:00:00'),
(146, 'III.C5', 580000, 14000, '2020-05-05 17:00:00', '2020-05-05 17:00:00'),
(147, 'III.C4', 610000, 14000, '2020-05-05 17:00:00', '2020-05-05 17:00:00'),
(148, 'III.C3', 640000, 14000, '2020-05-05 17:00:00', '2020-05-05 17:00:00'),
(149, 'III.C2', 670000, 14000, '2020-05-05 17:00:00', '2020-05-05 17:00:00'),
(150, 'III.C1', 700000, 14000, '2020-05-05 17:00:00', '2020-05-05 17:00:00'),
(151, 'IV.A25', 840000, 14000, '2020-05-05 17:00:00', '2020-05-05 17:00:00'),
(152, 'IV.A24', 875000, 14000, '2020-05-05 17:00:00', '2020-05-05 17:00:00'),
(153, 'IV.A23', 910000, 14000, '2020-05-05 17:00:00', '2020-05-05 17:00:00'),
(154, 'IV.A22', 945000, 14000, '2020-05-05 17:00:00', '2020-05-05 17:00:00'),
(155, 'IV.A21', 980000, 14000, '2020-05-05 17:00:00', '2020-05-05 17:00:00'),
(156, 'IV.A20', 1015000, 14000, '2020-05-05 17:00:00', '2020-05-05 17:00:00'),
(157, 'IV.A19', 1050000, 14000, '2020-05-05 17:00:00', '2020-05-05 17:00:00'),
(158, 'IV.A18', 1085000, 14000, '2020-05-05 17:00:00', '2020-05-05 17:00:00'),
(159, 'IV.A17', 1120000, 14000, '2020-05-05 17:00:00', '2020-05-05 17:00:00'),
(160, 'IV.A16', 1155000, 14000, '2020-05-05 17:00:00', '2020-05-05 17:00:00'),
(161, 'IV.A15', 1190000, 14000, '2020-05-05 17:00:00', '2020-05-05 17:00:00'),
(162, 'IV.A14', 1225000, 14000, '2020-05-05 17:00:00', '2020-05-05 17:00:00'),
(163, 'IV.A13', 1260000, 14000, '2020-05-05 17:00:00', '2020-05-05 17:00:00'),
(164, 'IV.A12', 1295000, 14000, '2020-05-05 17:00:00', '2020-05-05 17:00:00'),
(165, 'IV.A11', 1330000, 14000, '2020-05-05 17:00:00', '2020-05-05 17:00:00'),
(166, 'IV.A10', 1365000, 14000, '2020-05-05 17:00:00', '2020-05-05 17:00:00'),
(167, 'IV.A9', 1400000, 14000, '2020-05-05 17:00:00', '2020-05-05 17:00:00'),
(168, 'IV.A8', 1435000, 14000, '2020-05-05 17:00:00', '2020-05-05 17:00:00'),
(169, 'IV.A7', 1470000, 14000, '2020-05-05 17:00:00', '2020-05-05 17:00:00'),
(170, 'IV.A6', 1505000, 14000, '2020-05-05 17:00:00', '2020-05-05 17:00:00'),
(171, 'IV.A5', 1540000, 14000, '2020-05-05 17:00:00', '2020-05-05 17:00:00'),
(172, 'IV.A4', 1575000, 14000, '2020-05-05 17:00:00', '2020-05-05 17:00:00'),
(173, 'IV.A3', 1610000, 14000, '2020-05-05 17:00:00', '2020-05-05 17:00:00'),
(174, 'IV.A2', 1645000, 14000, '2020-05-05 17:00:00', '2020-05-05 17:00:00'),
(175, 'IV.A1', 1680000, 14000, '2020-05-05 17:00:00', '2020-05-05 17:00:00'),
(176, 'IV.B25', 490000, 14000, '2020-05-05 17:00:00', '2020-05-05 17:00:00'),
(177, 'IV.B24', 520000, 14000, '2020-05-05 17:00:00', '2020-05-05 17:00:00'),
(178, 'IV.B23', 550000, 14000, '2020-05-05 17:00:00', '2020-05-05 17:00:00'),
(179, 'IV.B22', 580000, 14000, '2020-05-05 17:00:00', '2020-05-05 17:00:00'),
(180, 'IV.B21', 610000, 14000, '2020-05-05 17:00:00', '2020-05-05 17:00:00'),
(181, 'IV.B20', 640000, 14000, '2020-05-05 17:00:00', '2020-05-05 17:00:00'),
(182, 'IV.B19', 670000, 14000, '2020-05-05 17:00:00', '2020-05-05 17:00:00'),
(183, 'IV.B18', 700000, 14000, '2020-05-05 17:00:00', '2020-05-05 17:00:00'),
(184, 'IV.B17', 730000, 14000, '2020-05-05 17:00:00', '2020-05-05 17:00:00'),
(185, 'IV.B16', 760000, 14000, '2020-05-05 17:00:00', '2020-05-05 17:00:00'),
(186, 'IV.B15', 790000, 14000, '2020-05-05 17:00:00', '2020-05-05 17:00:00'),
(187, 'IV.B14', 820000, 14000, '2020-05-05 17:00:00', '2020-05-05 17:00:00'),
(188, 'IV.B13', 850000, 14000, '2020-05-05 17:00:00', '2020-05-05 17:00:00'),
(189, 'IV.B12', 880000, 14000, '2020-05-05 17:00:00', '2020-05-05 17:00:00'),
(190, 'IV.B11', 910000, 14000, '2020-05-05 17:00:00', '2020-05-05 17:00:00'),
(191, 'IV.B10', 940000, 14000, '2020-05-05 17:00:00', '2020-05-05 17:00:00'),
(192, 'IV.B9', 970000, 14000, '2020-05-05 17:00:00', '2020-05-05 17:00:00'),
(193, 'IV.B8', 1000000, 14000, '2020-05-05 17:00:00', '2020-05-05 17:00:00'),
(194, 'IV.B7', 1030000, 14000, '2020-05-05 17:00:00', '2020-05-05 17:00:00'),
(195, 'IV.B6', 1060000, 14000, '2020-05-05 17:00:00', '2020-05-05 17:00:00'),
(196, 'IV.B5', 1090000, 14000, '2020-05-05 17:00:00', '2020-05-05 17:00:00'),
(197, 'IV.B4', 1120000, 14000, '2020-05-05 17:00:00', '2020-05-05 17:00:00'),
(198, 'IV.B3', 1150000, 14000, '2020-05-05 17:00:00', '2020-05-05 17:00:00'),
(199, 'IV.B2', 1180000, 14000, '2020-05-05 17:00:00', '2020-05-05 17:00:00'),
(200, 'IV.B1', 1210000, 14000, '2020-05-05 17:00:00', '2020-05-05 17:00:00'),
(201, 'IV.C25', 240000, 14000, '2020-05-05 17:00:00', '2020-05-05 17:00:00'),
(202, 'IV.C24', 265000, 14000, '2020-05-05 17:00:00', '2020-05-05 17:00:00'),
(203, 'IV.C23', 290000, 14000, '2020-05-05 17:00:00', '2020-05-05 17:00:00'),
(204, 'IV.C22', 315000, 14000, '2020-05-05 17:00:00', '2020-05-05 17:00:00'),
(205, 'IV.C21', 340000, 14000, '2020-05-05 17:00:00', '2020-05-05 17:00:00'),
(206, 'IV.C20', 365000, 14000, '2020-05-05 17:00:00', '2020-05-05 17:00:00'),
(207, 'IV.C19', 390000, 14000, '2020-05-05 17:00:00', '2020-05-05 17:00:00'),
(208, 'IV.C18', 415000, 14000, '2020-05-05 17:00:00', '2020-05-05 17:00:00'),
(209, 'IV.C17', 440000, 14000, '2020-05-05 17:00:00', '2020-05-05 17:00:00'),
(210, 'IV.C16', 465000, 14000, '2020-05-05 17:00:00', '2020-05-05 17:00:00'),
(211, 'IV.C15', 490000, 14000, '2020-05-05 17:00:00', '2020-05-05 17:00:00'),
(212, 'IV.C14', 515000, 14000, '2020-05-05 17:00:00', '2020-05-05 17:00:00'),
(213, 'IV.C13', 540000, 14000, '2020-05-05 17:00:00', '2020-05-05 17:00:00'),
(214, 'IV.C12', 565000, 14000, '2020-05-05 17:00:00', '2020-05-05 17:00:00'),
(215, 'IV.C11', 590000, 14000, '2020-05-05 17:00:00', '2020-05-05 17:00:00'),
(216, 'IV.C10', 615000, 14000, '2020-05-05 17:00:00', '2020-05-05 17:00:00'),
(217, 'IV.C9', 640000, 14000, '2020-05-05 17:00:00', '2020-05-05 17:00:00'),
(218, 'IV.C8', 665000, 14000, '2020-05-05 17:00:00', '2020-05-05 17:00:00'),
(219, 'IV.C7', 690000, 14000, '2020-05-05 17:00:00', '2020-05-05 17:00:00'),
(220, 'IV.C6', 715000, 14000, '2020-05-05 17:00:00', '2020-05-05 17:00:00'),
(221, 'IV.C5', 740000, 14000, '2020-05-05 17:00:00', '2020-05-05 17:00:00'),
(222, 'IV.C4', 765000, 14000, '2020-05-05 17:00:00', '2020-05-05 17:00:00'),
(223, 'IV.C3', 790000, 14000, '2020-05-05 17:00:00', '2020-05-05 17:00:00'),
(224, 'IV.C2', 815000, 14000, '2020-05-05 17:00:00', '2020-05-05 17:00:00'),
(225, 'IV.C1', 840000, 14000, '2020-05-05 17:00:00', '2020-05-05 17:00:00'),
(226, 'IV.D25', 90000, 14000, '2020-05-05 17:00:00', '2020-05-05 17:00:00'),
(227, 'IV.D24', 105000, 14000, '2020-05-05 17:00:00', '2020-05-05 17:00:00'),
(228, 'IV.D23', 120000, 14000, '2020-05-05 17:00:00', '2020-05-05 17:00:00'),
(229, 'IV.D22', 135000, 14000, '2020-05-05 17:00:00', '2020-05-05 17:00:00'),
(230, 'IV.D21', 150000, 14000, '2020-05-05 17:00:00', '2020-05-05 17:00:00'),
(231, 'IV.D20', 165000, 14000, '2020-05-05 17:00:00', '2020-05-05 17:00:00'),
(232, 'IV.D19', 180000, 14000, '2020-05-05 17:00:00', '2020-05-05 17:00:00'),
(233, 'IV.D18', 195000, 14000, '2020-05-05 17:00:00', '2020-05-05 17:00:00'),
(234, 'IV.D17', 210000, 14000, '2020-05-05 17:00:00', '2020-05-05 17:00:00'),
(235, 'IV.D16', 225000, 14000, '2020-05-05 17:00:00', '2020-05-05 17:00:00'),
(236, 'IV.D15', 245000, 14000, '2020-05-05 17:00:00', '2020-05-05 17:00:00'),
(237, 'IV.D14', 265000, 14000, '2020-05-05 17:00:00', '2020-05-05 17:00:00'),
(238, 'IV.D13', 285000, 14000, '2020-05-05 17:00:00', '2020-05-05 17:00:00'),
(239, 'IV.D12', 305000, 14000, '2020-05-05 17:00:00', '2020-05-05 17:00:00'),
(240, 'IV.D11', 325000, 14000, '2020-05-05 17:00:00', '2020-05-05 17:00:00'),
(241, 'IV.D10', 345000, 14000, '2020-05-05 17:00:00', '2020-05-05 17:00:00'),
(242, 'IV.D9', 365000, 14000, '2020-05-05 17:00:00', '2020-05-05 17:00:00'),
(243, 'IV.D8', 385000, 14000, '2020-05-05 17:00:00', '2020-05-05 17:00:00'),
(244, 'IV.D7', 405000, 14000, '2020-05-05 17:00:00', '2020-05-05 17:00:00'),
(245, 'IV.D6', 425000, 14000, '2020-05-05 17:00:00', '2020-05-05 17:00:00'),
(246, 'IV.D5', 450000, 14000, '2020-05-05 17:00:00', '2020-05-05 17:00:00'),
(247, 'IV.D4', 475000, 14000, '2020-05-05 17:00:00', '2020-05-05 17:00:00'),
(248, 'IV.D3', 500000, 14000, '2020-05-05 17:00:00', '2020-05-05 17:00:00'),
(249, 'IV.D2', 525000, 14000, '2020-05-05 17:00:00', '2020-05-05 17:00:00'),
(250, 'IV.D1', 550000, 14000, '2020-05-05 17:00:00', '2020-05-05 17:00:00'),
(251, 'None', 0, 0, '2020-07-29 02:57:25', '2020-07-29 02:57:26');

-- --------------------------------------------------------

--
-- Table structure for table `izin`
--

CREATE TABLE `izin` (
  `id` int(11) UNSIGNED NOT NULL,
  `karyawan_id` int(11) NOT NULL,
  `tanggal_izin` date NOT NULL,
  `keterangan` varchar(191) COLLATE utf8mb4_unicode_ci NOT NULL,
  `perihal` varchar(191) COLLATE utf8mb4_unicode_ci NOT NULL,
  `file` varchar(191) COLLATE utf8mb4_unicode_ci NOT NULL,
  `status` varchar(191) COLLATE utf8mb4_unicode_ci DEFAULT NULL,
  `created_at` timestamp NULL DEFAULT NULL,
  `updated_at` timestamp NULL DEFAULT NULL
) ENGINE=InnoDB DEFAULT CHARSET=utf8mb4 COLLATE=utf8mb4_unicode_ci;

-- --------------------------------------------------------

--
-- Table structure for table `jabatan`
--

CREATE TABLE `jabatan` (
  `id` int(11) UNSIGNED NOT NULL,
  `jabatan` varchar(191) COLLATE utf8mb4_unicode_ci NOT NULL,
  `transport` int(11) NOT NULL,
  `pulsa` int(11) NOT NULL,
  `tunj_jab` int(11) NOT NULL,
  `created_at` timestamp NULL DEFAULT NULL,
  `updated_at` timestamp NULL DEFAULT NULL
) ENGINE=InnoDB DEFAULT CHARSET=utf8mb4 COLLATE=utf8mb4_unicode_ci;

--
-- Dumping data for table `jabatan`
--

INSERT INTO `jabatan` (`id`, `jabatan`, `transport`, `pulsa`, `tunj_jab`, `created_at`, `updated_at`) VALUES
(1, 'Administrasi Pembiayaan KPO dan AO Coorporate Karyawan Al Ma\'soem Group', 0, 0, 0, '2020-06-04 17:00:00', '2020-10-16 00:29:03'),
(2, 'Administrasi Analis Pembiayaan', 0, 0, 0, '2020-06-04 17:00:00', '2020-06-04 17:00:00'),
(10, 'AO Corporate', 0, 0, 0, '2020-06-04 17:00:00', '2020-06-04 17:00:00'),
(12, 'AO Umum', 0, 0, 0, '2020-06-04 17:00:00', '2020-06-04 17:00:00'),
(13, 'Back Office', 0, 0, 0, '2020-06-04 17:00:00', '2020-06-04 17:00:00'),
(18, 'Collection', 0, 0, 0, '2020-06-04 17:00:00', '2020-06-04 17:00:00'),
(21, 'Customer Service', 0, 0, 0, '2020-06-04 17:00:00', '2020-06-04 17:00:00'),
(22, 'Dewan Pengawas Syariah', 0, 0, 0, '2020-06-04 17:00:00', '2020-06-04 17:00:00'),
(23, 'Direktur Bisnis', 0, 0, 0, '2020-06-04 17:00:00', '2020-06-04 17:00:00'),
(24, 'Direktur Operasional', 0, 0, 0, '2020-06-04 17:00:00', '2020-06-04 17:00:00'),
(25, 'Direktur Utama', 0, 0, 0, '2020-06-04 17:00:00', '2020-06-04 17:00:00'),
(26, 'General Manajer', 0, 0, 0, '2020-06-04 17:00:00', '2020-06-04 17:00:00'),
(27, 'Head Teller', 0, 0, 0, '2020-06-04 17:00:00', '2020-06-04 17:00:00'),
(28, 'Kepala Cabang', 0, 0, 0, '2020-06-04 17:00:00', '2020-06-04 17:00:00'),
(34, 'Kepala Kantor Kas', 0, 0, 0, '2020-06-04 17:00:00', '2020-06-04 17:00:00'),
(35, 'Kepala KPO', 0, 0, 0, '2020-06-04 17:00:00', '2020-06-04 17:00:00'),
(36, 'Ketua Dewan Pengawas Syariah', 0, 0, 0, '2020-06-04 17:00:00', '2020-06-04 17:00:00'),
(37, 'Komisaris', 0, 0, 0, '2020-06-04 17:00:00', '2020-06-04 17:00:00'),
(38, 'Komisaris Utama', 0, 0, 0, '2020-06-04 17:00:00', '2020-06-04 17:00:00'),
(39, 'Manajer Cabang', 0, 0, 0, '2020-06-04 17:00:00', '2020-06-04 17:00:00'),
(40, 'Manajer Collection', 0, 0, 0, '2020-06-04 17:00:00', '2020-06-04 17:00:00'),
(41, 'Manajer EDP & SID', 0, 0, 0, '2020-06-04 17:00:00', '2020-10-15 01:08:54'),
(42, 'Manajer Legal', 0, 0, 0, '2020-06-04 17:00:00', '2020-06-04 17:00:00'),
(43, 'Manajer Operasional', 0, 0, 0, '2020-06-04 17:00:00', '2020-06-04 17:00:00'),
(44, 'Manajer Rahn', 0, 0, 0, '2020-06-04 17:00:00', '2020-06-04 17:00:00'),
(45, 'Manajer Remedial', 0, 0, 0, '2020-06-04 17:00:00', '2020-06-04 17:00:00'),
(46, 'Manajer Risk & Remedial', 0, 0, 0, '2020-06-04 17:00:00', '2020-06-04 17:00:00'),
(47, 'Manajer SDI', 0, 0, 0, '2020-06-04 17:00:00', '2020-06-04 17:00:00'),
(48, 'Manajer SDM', 0, 0, 0, '2020-06-04 17:00:00', '2020-06-04 17:00:00'),
(49, 'Manajer Support', 0, 0, 0, '2020-06-04 17:00:00', '2020-06-04 17:00:00'),
(50, 'Petugas Pelaksana', 0, 0, 0, '2020-06-04 17:00:00', '2020-06-04 17:00:00'),
(51, 'Petugas Ruang Hasanah Rahn', 0, 0, 0, '2020-06-04 17:00:00', '2020-06-04 17:00:00'),
(52, 'Petugas Security', 0, 0, 0, '2020-06-04 17:00:00', '2020-06-04 17:00:00'),
(53, 'Pimpinan Divisi SPI', 0, 0, 0, '2020-06-04 17:00:00', '2020-06-04 17:00:00'),
(54, 'Staff Collection', 0, 0, 0, '2020-06-04 17:00:00', '2020-06-04 17:00:00'),
(55, 'Staff Dirut Bidang Umum & Sarana', 0, 0, 0, '2020-06-04 17:00:00', '2020-06-04 17:00:00'),
(56, 'Staff EDP & SID', 0, 0, 0, '2020-06-04 17:00:00', '2020-06-04 17:00:00'),
(57, 'Staff Funding', 0, 0, 0, '2020-06-04 17:00:00', '2020-06-04 17:00:00'),
(58, 'Staff Legal', 0, 0, 0, '2020-06-04 17:00:00', '2020-06-04 17:00:00'),
(61, 'Staff Marketing', 0, 0, 0, '2020-06-04 17:00:00', '2020-06-04 17:00:00'),
(62, 'Staff Marketing Rahn', 0, 0, 0, '2020-06-04 17:00:00', '2020-06-04 17:00:00'),
(63, 'Staff Pajak & Petugas Penyimpanan Agunan', 0, 0, 0, '2020-06-04 17:00:00', '2020-06-04 17:00:00'),
(64, 'Staff Pembukuan', 0, 0, 0, '2020-06-04 17:00:00', '2020-06-04 17:00:00'),
(65, 'Staff Rahn', 0, 0, 0, '2020-06-04 17:00:00', '2020-06-04 17:00:00'),
(69, 'Staff Risk & Remedial', 0, 0, 0, '2020-06-04 17:00:00', '2020-06-04 17:00:00'),
(70, 'Staff SDM', 0, 0, 0, '2020-06-04 17:00:00', '2020-06-04 17:00:00'),
(71, 'Staff SPI', 0, 0, 0, '2020-06-04 17:00:00', '2020-06-04 17:00:00'),
(72, 'Teller', 0, 0, 0, '2020-06-04 17:00:00', '2020-06-04 17:00:00'),
(80, 'Teller Kantor Kas', 0, 0, 0, '2020-06-04 17:00:00', '2020-06-04 17:00:00'),
(81, 'Teller Rahn', 0, 0, 0, '2020-06-04 17:00:00', '2020-06-04 17:00:00'),
(85, 'Wakil Kepala Pusat Operasional Bidang Legal dan Pajak', 0, 0, 0, '2020-06-04 17:00:00', '2020-06-04 17:00:00'),
(86, 'Karyawan Kontrak', 0, 0, 0, '2020-07-29 03:04:35', '2020-10-22 21:19:20');

-- --------------------------------------------------------

--
-- Table structure for table `jenjang_karir`
--

CREATE TABLE `jenjang_karir` (
  `id` int(11) UNSIGNED NOT NULL,
  `user_id` int(11) UNSIGNED NOT NULL,
  `karyawan_id` int(11) NOT NULL,
  `jabatan_id` int(11) NOT NULL,
  `nik` varchar(191) COLLATE utf8mb4_unicode_ci NOT NULL,
  `thn_perubahan` date NOT NULL,
  `created_at` timestamp NULL DEFAULT NULL,
  `updated_at` timestamp NULL DEFAULT NULL
) ENGINE=InnoDB DEFAULT CHARSET=utf8mb4 COLLATE=utf8mb4_unicode_ci;

-- --------------------------------------------------------

--
-- Table structure for table `karyawan`
--

CREATE TABLE `karyawan` (
  `id` int(11) UNSIGNED NOT NULL,
  `user_id` int(11) NOT NULL,
  `jabatan_id` int(11) DEFAULT '86',
  `golongan_id` int(11) DEFAULT '251',
  `cabang_id` int(11) DEFAULT '1',
  `nik` varchar(191) COLLATE utf8mb4_unicode_ci DEFAULT NULL,
  `no_ktp` varchar(191) COLLATE utf8mb4_unicode_ci DEFAULT NULL,
  `nama_lengkap` varchar(191) COLLATE utf8mb4_unicode_ci NOT NULL,
  `jk` varchar(191) COLLATE utf8mb4_unicode_ci NOT NULL,
  `agama` varchar(191) COLLATE utf8mb4_unicode_ci NOT NULL,
  `tempat_lahir` varchar(191) COLLATE utf8mb4_unicode_ci NOT NULL,
  `tanggal_lahir` date NOT NULL,
  `status_nikah` varchar(191) COLLATE utf8mb4_unicode_ci NOT NULL,
  `no_telepon` varchar(191) COLLATE utf8mb4_unicode_ci DEFAULT NULL,
  `alamat` text COLLATE utf8mb4_unicode_ci NOT NULL,
  `visi` text COLLATE utf8mb4_unicode_ci NOT NULL,
  `misi` text COLLATE utf8mb4_unicode_ci NOT NULL,
  `created_at` timestamp NULL DEFAULT NULL,
  `updated_at` timestamp NULL DEFAULT NULL
) ENGINE=InnoDB DEFAULT CHARSET=utf8mb4 COLLATE=utf8mb4_unicode_ci;

--
-- Dumping data for table `karyawan`
--

INSERT INTO `karyawan` (`id`, `user_id`, `jabatan_id`, `golongan_id`, `cabang_id`, `nik`, `no_ktp`, `nama_lengkap`, `jk`, `agama`, `tempat_lahir`, `tanggal_lahir`, `status_nikah`, `no_telepon`, `alamat`, `visi`, `misi`, `created_at`, `updated_at`) VALUES
(2, 2, 86, 251, 1, '27319', '3211182301910005', 'Wildan Yanuarsyah Tanjung', 'Laki Laki', 'Islam', 'Sumedang', '1991-01-23', 'Menikah', '082316172028', 'Ketib RT 01/RW 12. Keluarahan Kota Kaler, Kecamatan Sumedang Utara, Kabupaten Sumedang', 'Aku Anak Indonesia', 'Sehat dan Kuat Anjaaay', '2020-08-24 18:46:02', '2021-03-24 19:28:26'),
(5, 5, 86, 251, 1, '28905', '3273290611830001', 'Iyan Sopyan', 'Laki Laki', 'Islam', 'Tasikmalaya', '1983-06-11', 'Menikah', '08112194267', 'Jl. Golf III RT. 004 RW. 001 Kelurahan Cisaranten Wetan Kecamatan Cinambo Kota Bandung', 'Menjadi insan yang taqwa, bermanfaat bagi keluarga dan sesama serta menjadi bagian dalam perkembangan kemajuan perusahaan', 'Selalu belajar dan berusaha untuk menjadi lebih baik', '2021-02-15 01:20:56', '2021-02-15 01:20:56'),
(6, 6, 86, 251, 1, '131014', '3602042704870002', 'Apipudin', 'Laki Laki', 'Islam', 'Cipanas', '1987-04-27', 'Menikah', '08112385327', 'Perum Grand Riscond Blok H2 No 11 Ds. Bojongloa Kec. Rancaekek Bandung', 'Berdedikasi dan berintegritas', 'Memegang teguh dua perkara asunnah dan alquran..\r\nPerbuatan yang baik akan kembali kepada dirikita', '2021-03-24 02:24:53', '2021-03-24 02:24:53'),
(7, 7, 86, 251, 1, '3103', '3204250106810011', 'DEGIT TOPAN SUNANDAR', 'Laki Laki', 'Islam', 'BANDUNG', '1981-06-01', 'Menikah', '081394486033', 'Perum Griya Prima Alam Asri(GPAA) Blok C 17 No.5 RT 02/12 Ds.Sindang Pakuon Kec. Cimanggung Kab. Sumedang 40364', 'Meraih Sukses Bersama untuk Kemaslahatan Ummat', 'Mengembangkan Bisnis Perbankan Syariah Khususnya BPRS AlMasoem.', '2021-03-24 02:27:28', '2021-03-24 02:27:28'),
(8, 8, 86, 251, 1, '14512', '3273231207840009', 'LIA', 'Laki Laki', 'Islam', 'Ciamis', '1984-07-12', 'Menikah', '085222312780', 'Perum Gunungsari Indah', 'Mencari pengalaman mengembangkan bakat', 'memajukan perusahan yang amanah dan menjadi kebanggan rakyat jawa barat', '2021-03-24 02:30:49', '2021-03-24 02:30:49'),
(9, 9, 86, 251, 1, '270221', '3211151711950005', 'Ade Jajang', 'Laki Laki', 'Islam', 'Bandung', '1995-11-17', 'Belum Menikah', '085156038771', 'Dsn Sukamukti Rt/Rw 01/03 Desa Mekargalih Kec Jatinangor Kab Sumedang', 'Menjadi Karyawan yang dapat di andalkan', 'Menjaga komitment dan kepercayaan dalam bekerja yang telah di berikan perusahaan', '2021-03-24 02:37:30', '2021-03-24 02:37:30'),
(10, 10, 86, 251, 1, '171218', '3205420101940004', 'Wes Korni', 'Laki Laki', 'Islam', 'Garut', '1994-01-01', 'Belum Menikah', '081220327255', 'Kp. Sadang Ds. Sadang RT/RW 001/003 Kec. Sucinaraja Kab. Garut', 'Menjadi karyawan yang memiliki semangat dan daya juang yang tinggi serta bisa diandalkan.', 'Menjadi lebih prosfessional dan memberikan yang terbaik untuk kemajuan perusahaan.', '2021-03-24 02:38:52', '2021-03-24 20:13:03'),
(11, 11, 86, 251, 1, '11115', '3204255503910013', 'Nurul Khotimah', 'Perempuan', 'Islam', 'Bandung', '1991-03-15', 'Menikah', '08112194480', 'Kp. Cibiru RT 02 RW 05 Desa Nagrog Kec. Cicalengka Kab. Bandung', '-', '-', '2021-03-24 02:48:24', '2021-03-24 02:48:24'),
(12, 12, 86, 251, 1, '211212', '3211151710910003', 'Diki sodikin', 'Laki Laki', 'Islam', 'Sumedang', '1991-10-17', 'Menikah', '08112194401', 'Ds sayang rt 02 rw 07 desa sayang jatinangor sumedang', 'Menjadi bank syariah yang membagakan bagi semua umat terkemuka dan terdepan dalam pelayanan dan kinerja', 'Memberikan pelayanan yang prima dan solusi yang bernilai tambah kepada semua nasabah', '2021-03-24 02:51:56', '2021-03-24 02:51:56'),
(13, 13, 86, 251, 1, '20310', '3211152611870010', 'Rudi Rukmana', 'Laki Laki', 'Islam', 'Bandung', '1987-11-26', 'Menikah', '08112194413', 'Kp. Rancakendal RT 001/ RW 004\r\nDesa Jelegong\r\nKec. Rancaekek', 'Menjadi Perusahaan yang Maju dan Berakhlak Mulia', 'Mempererat Tali Silaturahmi', '2021-03-24 03:01:04', '2021-03-24 19:43:19'),
(14, 14, 86, 251, 1, '31096', '3204282309760004', 'Hidayat', 'Laki Laki', 'Islam', 'Sumedang', '1976-09-23', 'Menikah', '08122426425', 'Rancaekek Permai Blok C2 No. 03 RT.04 RW.18 Desa Rancaekek Wetan Kec. Rancaekek Kab. Bandung Prov. Jawa Barat', 'Selamat Dunia dan Akhirat', 'Menebar kebaikan kepada siapapun.', '2021-03-24 03:01:24', '2021-03-24 03:01:24'),
(15, 15, 86, 251, 1, '14905', '3211151408800032', 'Handoko Windu Samiaji', 'Laki Laki', 'Islam', 'Bandung', '1980-08-14', 'Menikah', '08112194265', 'Dusun Cipeundeuy RT.003 RW.012 Desa Cipacing Kec. Jatinangor Kab. Sumedang', '-', '-', '2021-03-24 03:03:11', '2021-03-24 03:03:11'),
(16, 16, 86, 251, 1, '27713', '3204282303880005', 'Amin Komarudin', 'Laki Laki', 'Islam', 'Bandung', '1988-03-23', 'Menikah', '08112194476', 'Kp Bantarsari RT 02 RW 10 Desa Cangkuang Kec Rancaekek Kab Bandung', 'Sukses dan Bahagia Dunia Akhirat', 'Semangat Bekerja keras Bekerja Cerdas Sabar', '2021-03-24 03:03:36', '2021-03-24 03:03:36'),
(17, 17, 86, 251, 1, '8496', '3211140310750007', 'WAWAN SETIAWAN', 'Laki Laki', 'Islam', 'TASIKMALAYA', '1975-10-03', 'Menikah', '08112312204', 'PERUM SBG PARAKAN MUNCANG B2 NO 2 RT 02/13 CIHANJUANG CIMANGGUNG SUMEDANG', 'MERAIH SUKSES UNTUK KEMASLAHATAN UMAT', 'MEMAJUKAN BPRS ALMASOEM DAN MEMBERANTAS RENTENIR', '2021-03-24 03:10:41', '2021-03-24 18:01:59'),
(18, 18, 86, 251, 1, '10115', '3327092106920014', 'ANGGA IHSAN PAMYUDI', 'Laki Laki', 'Islam', 'PEMALANG', '1992-06-21', 'Menikah', '085793352121', 'JALAN CIKADUT NO 10 RY/W KELURAHAN KARANG PAMULANG KECAMATAN MANDALAJATI KOTA BANDUNG', 'MENJADI PENGAWAI YANG BERTANGGUNG JAWAB DAN PEDULI PADA PERUSAHAAN', '1. SELALU MEMPERBARUI KARAKTER PRIBADI MENJADI LEBIH BERTANGGUNG JAWAB DAN SERIA PADA PERUSAHAAN\r\n2. MENGEMBANGKAN PERUSAHAAN MENJADI LEBIH MAJU SESUAI DENGAN KAPASITAS SAYA DIBIDANG PEKERJAAN YANG SAYA EMBAN', '2021-03-24 03:33:54', '2021-03-24 03:33:54'),
(19, 19, 86, 251, 1, '13912', '3206221003910002', 'Fahmy Ihsan Hilmi', 'Laki Laki', 'Islam', 'Tasikmalaya', '1991-12-21', 'Menikah', '08112194405', 'Dusun Cipajaran RT 002 RW 006 Desa Cinta Mulya Kecamatan Jatinangor Kabupaten Sumedang Provinsi Jawa Barat', 'Menjadi jatidiri yang kuat, hebat dan bersahaja', '- Selalu bekerja dengan profesional dan inovatif\r\n- Bisa memecahkan permasalahan dengan solusi baik permasalahan pribadi maupun keluarga serta pekerjaan\r\n- Berusaha membantu serta memberi manfaat bagi yang memerlukan\r\n- Selalu rendah hati saat dipuji\r\n- Berusaha tabah dan terus berusaha saat di uji', '2021-03-24 03:43:08', '2021-03-24 19:43:15'),
(20, 20, 86, 251, 1, '31713', '3273250702850001', 'Asep Elly', 'Laki Laki', 'Islam', 'Bandung', '1985-02-07', 'Menikah', '082115073202', 'Bbk dangdeur rt. 04 rw 04 Desa pasir biru kec. Cibiru kota Bandung', 'Menjadi lembaga keuangan yang paling dikagumi dan selalu progresif', '- Berorientasi pada pemenuhan kebutuhan pasar \r\n- Mengembangkan sumber daya manusia profesional\r\n- Memberi keuntungan yang maksimal bagi stakeholder\r\n- Melaksanakan manajemen terbuka\r\n- Peduli terhadap kepentingan masyarakat dan lingkungan', '2021-03-24 03:54:35', '2021-03-24 03:54:35'),
(21, 21, 86, 251, 1, '30920', '3273054607960011', 'VALIA ZADTYVA', 'Perempuan', 'Islam', 'PADANG', '1996-07-06', 'Belum Menikah', '081224944256', 'Jln. Srigunting Raya Gg. Srigunting I No. 101 RT. 001 RW. 008 Kelurahan Maleber Kecamatan Andir Kota Bandung 40184', '-', '-', '2021-03-24 03:55:38', '2021-03-24 05:07:58'),
(22, 22, 86, 251, 1, '7706', '3273241806850001', 'Herry Rahmadi', 'Laki Laki', 'Islam', 'Garut', '1985-06-18', 'Menikah', '08112280138', 'Dusun Cipacing RT. 02/RW.04 Kecamatan Jatinangor Kabupaten Sumedang', '-', '-', '2021-03-24 04:02:57', '2021-03-24 04:02:57'),
(23, 23, 86, 251, 1, '211294', '3204286003730004', 'Herni Yuningsih', 'Perempuan', 'Islam', 'Bandung', '1973-03-20', 'Menikah', '08112194270', 'Rancaekek Permai blok C 2 No 27 rt 04/18 rancaekek wetan rancaekek kab bandung', 'Menjadi pribadi yang bertaqwa kepada Allah', 'Akan bekerja keras dengan kemampuan yang saya miliki', '2021-03-24 04:09:52', '2021-03-24 04:09:52'),
(24, 24, 86, 251, 1, '15810', '3211150508850011', 'Yana mulyana', 'Laki Laki', 'Islam', 'Garut', '1985-08-05', 'Menikah', '08112194420', 'JLN BABAKAN DANGDEUR RT 002 RW 004 KELURAHAN PASIRBIRU KECAMATAN CIBIRU KOTA BANDUNG', 'Menjadi karyawan yang profesional bagi kemajuam perusahaan', 'Selalu belajar banyak hal dan update skill untuk perkembangan dan kemajuan perusahaan.', '2021-03-24 04:33:28', '2021-03-24 04:33:28'),
(25, 25, 86, 251, 1, '17208', '3211156902840013', 'Rita Rosafita', 'Perempuan', 'Islam', 'Bandung', '1984-02-29', 'Menikah', '08112194427', 'Bumi Panyawangan, Cluster Meranti, Jl. Meranti Indah 1 No. 8 Cileunyi Bandung', 'Ingin masuk surga sekeluarga', 'Menjadi istri yang sholehah, ibu yang baik, dan karyawan yang bertanggung jawab', '2021-03-24 04:46:28', '2021-03-24 04:46:28'),
(26, 26, 86, 251, 1, '2917', '3213051409940001', 'ARIF DARMAWAN', 'Laki Laki', 'Islam', 'Subang', '1994-09-14', 'Menikah', '08112280140', 'Dusun 1 cipeundeuy Rt. 10/Rw. 03\r\nKel. Cipeundeuy Kec. Cipeundeuy \r\nKab. Subang', 'Cager bager pinter', 'Meraih sukses bersama umat', '2021-03-24 04:56:58', '2021-03-24 04:56:58'),
(27, 27, 86, 251, 1, '171014', '3211150609920006', 'GUGUN GUNAWAN', 'Laki Laki', 'Islam', 'SUNEDANG', '1992-09-06', 'Menikah', '08112194461', 'JONDOL RT 006 RW 006 KELURAHAN SUKAPURA KECAMATAN KIARACONDONG KOTA BANDUNG', 'MENJADI PEGAWAI YANG PROFESIONAL, TANGGUH, BERTANGGUNG JAWAB, DAN PEDULI SECARA SOSIAL PADA PERUSAHAAN', '1. SELALU MEMPERBARUI KARAKTER PRIBADI MENJADI LEBIH PROFESIONAL, KOMITMEN, BERTANGGUNG JAWAB, DAN SETIA PADA PERUSAHAAN. \r\n2. MENGEMBANGKAN PERUSAHAAN MENJADI LEBIH MAJU SESUAI KAPASITAS SAYA DI BIDANG PEKERJAAN YANG SAYA EMBAN.', '2021-03-24 05:04:21', '2021-03-24 05:04:21'),
(28, 28, 86, 251, 1, '8115', '3204252810910001', 'Maulana yusup', 'Laki Laki', 'Islam', 'Bandung', '1991-10-28', 'Menikah', '08112194458', 'Kp. Cipeutag rt 01 rw 09 ds. Tenjolaya kec. Cicalengka kab. Bandung', '-', '-', '2021-03-24 05:07:01', '2021-03-24 20:12:34'),
(29, 30, 86, 251, 1, '41015', '3205121206810003', 'Adiyana Mulyana', 'Laki Laki', 'Islam', 'Garut', '1981-06-12', 'Menikah', '08112197991', 'Kp. Babakan Loa RT 001 RW 002 Desa Karyamukti Kec. Cibatu Kab. Garut 44185', 'Menjadi karyawan yang bertanggungjawab, bersemangat dan peduli dengan lingkungan perusahaan.', 'Belajar hal baru demi pengembangan diri agar lebih berguna untuk perusahaan.', '2021-03-24 05:17:18', '2021-03-24 05:17:18'),
(30, 31, 86, 251, 1, '2615', '3204350605930010', 'Gungun Gunawan', 'Laki Laki', 'Islam', 'Bandung', '1991-06-05', 'Menikah', '08112385322', 'Jl raya percobaan cileunyi rt 03 rw 15 cileunyi kulon,\r\nCileunyi - Kabupaten Bandung', 'Menjadi pribadi yang profesional bagi kemajuan perusahaan', 'Memberikan kontribusi yang terbaik dalam perusahaan', '2021-03-24 05:19:06', '2021-03-24 05:19:06'),
(31, 32, 86, 251, 1, '1814', '3207312504900001', 'Rian Triyana', 'Laki Laki', 'Islam', 'Ciamis', '1990-04-25', 'Menikah', '08112194462', 'Dsn nagrak rt/rw:10/4 Desa Sukasenang Kec Sindangkasih Ciamis', 'Bekerjalah dengan ikhlas', 'Lakukan semuanya dengan maximal', '2021-03-24 05:19:38', '2021-03-24 05:19:38'),
(32, 33, 86, 251, 1, '20814', '3204287010910002', 'Riska Irmawati', 'Perempuan', 'Islam', 'Jakarta', '1991-10-30', 'Menikah', '08112292580', 'Gang Tagog Kidul No 15 Rt 01 Rw15', 'Motivasi kerja', 'Menjadi karyawan profesional', '2021-03-24 05:34:57', '2021-03-24 05:34:57'),
(33, 34, 86, 251, 1, '2201', '3211114602780010', 'Dewi Febrianti Daniswari', 'Perempuan', 'Islam', 'Dumai', '1978-02-06', 'Menikah', '08112194426', 'Perum citra graha handayani jl. Citra utama no. 5 desa cinanjung kec. Tanjungsari kab. Sumedang', 'Tetap lakukan yang terbaik walau kehidupan tak berpihak padamu', 'Yes I will', '2021-03-24 05:39:06', '2021-03-24 05:39:06'),
(34, 35, 86, 251, 1, '251097', '3211157007710001', 'Ida Faruda Yulianti', 'Perempuan', 'Islam', 'Cianjur', '1971-07-30', 'Menikah', '08112194269', 'Perum Ikopin blok D no. 11', 'Menjadi bagian dalam perkembangan Bank agar bergerak lebih maju', '1.Memberikan kontribusi dan kinerja yang terbaik dalam Perusahaan.                                  2. Mampu menyelesaikan masalah didalam Perusahaan.                                                         3. Memberikan solusi yang sesuai dengan pekerjaan dan posisi saya di dalam Perusahaan', '2021-03-24 05:42:48', '2021-03-24 05:42:48'),
(35, 36, 86, 251, 1, '6202', '3211142606700011', 'Uus Muslih', 'Laki Laki', 'Islam', 'Sumedang', '1970-06-26', 'Menikah', '08112194416', 'Perum griya prima ALAM ASRI blok D 16 B', 'Menjadi karyawan yang bertanggung jawab', 'Menjaga kepercayaan dalam bekerja', '2021-03-24 06:17:28', '2021-03-24 06:17:28'),
(36, 37, 86, 251, 1, '20505', '3204090202810002', 'Bayu Setiadi', 'Laki Laki', 'Islam', 'Bandung', '2021-02-02', 'Menikah', '081320585967', 'Komp District Orange Jl.Akasia VII Blok A10 no.33\r\nCimekar Cileunyi 40393 Kab Bandung', 'Jujur - Idealis', 'Shalat lima waktu', '2021-03-24 06:32:26', '2021-03-24 06:32:26'),
(37, 38, 86, 251, 1, '14417', '3211142502940004', 'Ramdan Supriatna', 'Laki Laki', 'Islam', 'Bandung', '1994-02-25', 'Menikah', '08112192864', 'Dusun pangsor RT 001 RW 001 Desa Cihanjuang Kec Cimanggung Kab. Sumedang', 'Menjadikan Pekerjaan Sebagai Ibadah', 'Senantiasa menjaga Salat 5 waktu', '2021-03-24 06:35:05', '2021-03-24 06:35:05'),
(38, 39, 86, 251, 1, '21211', '3204052608850011', 'Agus ismail', 'Laki Laki', 'Islam', 'Bandung', '1985-08-26', 'Menikah', '08112194333', 'Kp. Pasantren Rt.02 Rw. 17 Desa. Cemekar Kec. Cileunyi Kab. Bandung', 'Menjalankan muamalat dalam perbangkan berdasarkan syariat islam serta keberadaannya mampu meningkatkan kualitas kehidupan ekonomi umat', 'Menjadi bank pembiayaan rakyat syariah(BPRS) model yang memberikan kontribusi bagi kesejahteraan masyarakat', '2021-03-24 06:37:03', '2021-03-24 19:55:22'),
(39, 40, 86, 251, 1, '5404', '3204281502790017', 'M. Amru Irawan', 'Laki Laki', 'Islam', 'Palembang', '1979-02-15', 'Menikah', '08112194488', 'Kp. Rancakihiang rt. 1 rw. 9 kel bojongloa kec rancaekek kab bandung', 'Turut serta mengembangkan bpr syariah al ma\'soem ke masyarakat', 'Memajukan bpr syariah al ma\'soem.', '2021-03-24 06:37:41', '2021-03-24 06:37:41'),
(40, 41, 86, 251, 1, '26401', '3204051609790001', 'Uun Suntara', 'Laki Laki', 'Islam', 'Bandung', '1979-09-16', 'Menikah', '08112194438', 'Kp. Sekecariu Rt 005 Rw 016 Ds. Cimekar Kec. Cileunyi Kab. Bandung', 'menjadi manusia yang berguna bagi bangsa dan negara serta agama', 'berani berbuat berani bertanggung jawab', '2021-03-24 07:12:38', '2021-03-24 07:12:38'),
(41, 42, 86, 251, 1, '10804', '3205151211820004', 'Zaini Muhammad Arief', 'Laki Laki', 'Islam', 'GARUT', '1982-09-12', 'Menikah', '08112194266', 'Dusun Mandalangu RT. 002/007 Ds. Cipacing Kec. Jatinangor - Sumedang', '-', '-', '2021-03-24 07:18:14', '2021-03-24 07:18:14'),
(42, 43, 86, 251, 1, '161113', '3204282601890004', 'Hanif Mahfudin', 'Laki Laki', 'Islam', 'Banyumas', '1989-01-26', 'Menikah', '081908873993', 'Jl warung cina Kp ranca tanjung desa linggar Kec.Rancaekek Kab.Bandung', 'Menjalan kan muamalat perbankan berdasarkan syariah islam serta keberadaan nya mampu meningkat kan kualitas kehidupan ekonomi ummat', 'Menjadi Bank pembiayaan rakyat syariah ( BPRS ) model yang memberikan kontribusi bagi kesejahteraan umat', '2021-03-24 07:31:53', '2021-03-24 07:31:53'),
(43, 44, 86, 251, 1, '17614', '3273236504890003', 'Reni Rositawatty Sutresna', 'Perempuan', 'Islam', 'Bandung', '1989-04-25', 'Menikah', '08112194437', 'Jl. Cilengkrang 1 RT/RW 002/007 Kelurahan Cisurupan Kecamatan Cibiru Kota Bandung', 'Sukses dunia & akhirat..', 'Hidup sertakan Allah..', '2021-03-24 07:46:10', '2021-03-24 07:46:10'),
(44, 45, 86, 251, 1, '81295', '3204285809740010', 'Ai Komariah', 'Perempuan', 'Islam', 'Bandung', '1974-09-18', 'Menikah', '08112194425', 'Komp rancaindah Rt 6/4 jelegong Rancaekek', 'intiar mencari rizki yg berkah', 'Bekerja sebaik dan semaksimal mungkin', '2021-03-24 15:56:24', '2021-03-24 15:56:24'),
(45, 46, 86, 251, 1, '20211', '3205312208920003', 'AHMAD NUR TAOPIK', 'Laki Laki', 'Islam', 'Garut', '1992-05-22', 'Menikah', '08112194384', 'KP LIUNGGUNUNG RT 03 RW 02 DESA HANJUANG KEC BUNGBULANG KAB GARUT', '-', '-', '2021-03-24 18:20:57', '2021-03-24 18:20:57'),
(46, 47, 86, 251, 1, '31806', '3204283009660006', 'maman suryaman', 'Laki Laki', 'Islam', 'Bandung', '1966-09-30', 'Menikah', '081313793530', 'kp babakan seureuh rt/rw 03/03 desa rancaekek wetan kec rancaekek kab bandung', 'cager bager pinter', 'meraih sukses bersama umat', '2021-03-24 18:22:17', '2021-03-24 18:22:17'),
(47, 48, 86, 251, 1, '010321', '3671130507950007', 'Fauzan Makarim', 'Laki Laki', 'Islam', 'Jakarta', '1995-07-05', 'Menikah', '082227200095', 'Jl. Kacapiring No.11 Batununggal, Kota Bandung', 'Menjaga dan mengembangkan BPRS Al Masoem untuk kesejahteraan masyarakat dan kesejahteraan karyawan', '- Melaksanakan tugas & fungsi utama sebaik mungkin (business as usual)\r\n- Menjaga kondusivitas usaha BAMS (Business Protection)\r\n- Mengusulkan insiatif perbaikan & pengembangan BAMS (Business improvement)', '2021-03-24 18:23:34', '2021-03-24 18:23:34'),
(48, 49, 86, 251, 1, '9811', '3204281805890001', 'Imam malik', 'Laki Laki', 'Islam', 'Bandung', '1989-05-18', 'Menikah', '08112194407', 'Kp sirah gajah rt 003 rw 009 nanjung mekar rancarkek bandung', '-', '-', '2021-03-24 18:38:50', '2021-03-24 18:38:50'),
(49, 50, 86, 251, 1, '18904', '3211160311840001', 'Didin Wahyudin', 'Laki Laki', 'Islam', 'Sumedang', '1984-11-03', 'Menikah', '08112194398', 'Perum pondok permai lestari blok C4 No.26 Panenjoan Cicalengka Kab.Bandung', 'Bekerja dengan ikhlas dan bersunguh-sungguh', 'Menjadikan BPRS Almasoem menjadi salah satu BPRS yang handal dan memberikan banyak manfaat bagi kemaslahatan Ummat.', '2021-03-24 18:51:39', '2021-03-24 18:51:39'),
(50, 51, 86, 251, 1, '181014', '3210030706800161', 'Piping', 'Laki Laki', 'Islam', 'Majalengka', '1980-06-07', 'Menikah', '083824268704', 'Blok ahad rt 03/07..sindang cikijing', 'Motipasi kerja', 'Menjadi karyawan teladan', '2021-03-24 19:07:27', '2021-03-24 19:07:27'),
(51, 52, 86, 251, 1, '5716', '3211150603820027', 'wawan suansyah', 'Laki Laki', 'Islam', 'sumedang', '1982-03-06', 'Menikah', '085871287679', 'dsn madalangu rt 06/07 cipacing jatinangor sumedang', 'menjadi pribadi yang lebih baik', 'berusaha semaksimal mungkin sesuai dengan kemampuan', '2021-03-24 19:09:36', '2021-03-25 21:13:37'),
(52, 53, 86, 251, 1, '3403', '3211112302810008', 'Arief Hadiwijaya', 'Laki Laki', 'Islam', 'Sumedang', '1981-02-23', 'Menikah', '08112194459', 'Jln. Pamagersari Rt. 003/008 Ds. Jatisari Kec. Tanjungsari Kab. Sumedang 45362', '-', '-', '2021-03-24 19:20:29', '2021-03-24 19:20:29'),
(53, 54, 86, 251, 1, '10702', '3211112401820003', 'AGUS MULYANA', 'Laki Laki', 'Islam', 'SUMEDANG', '1982-01-24', 'Menikah', '08112194273', 'DUSUN PANGKALAN NO 02 RT 03 RW 11 DESA MARGAJAYA KECAMATAN TANJUNGSARI KABUPATEN SUMEDANG', 'BERHARAP RIDHO ALLOOH SWT DALAM BERMUAMALAH SESUAI SYARIAH', 'MERAIH KEBAHAGIAAN BERSAMA KEMASLAHATAN UMMAT', '2021-03-24 19:29:56', '2021-03-24 19:29:56'),
(54, 55, 86, 251, 1, '22715', '3204052601900001', 'Junaidi Sarabiti', 'Laki Laki', 'Islam', 'Kendarai', '1990-01-26', 'Menikah', '08112385418', 'Komp permata biru Blok D2 No.22 Des.Cinunuk\r\nKec.Cileunyi', 'Menjadi Pegawai yang Profesional, Tangguh, bertanggung Jawab, Dan Peduli Secara Sosial Pada Perusahaan.', 'Mengembangan Perusaahan Menjadi Lebih Maju Sesuai Kapasitas Saya', '2021-03-24 19:31:09', '2021-03-24 19:31:09'),
(55, 56, 86, 251, 1, '3814', '3211152801930008', 'Muhammad muslim', 'Laki Laki', 'Islam', 'Sumedang', '1993-01-28', 'Menikah', '08112194456', 'Dsn karasak rt/rw 03/04 ds cisempur kec jatinangor', 'Menjadi pribadi yang bekerja secara propesional', 'Memperbaharui dan meningkatkan kualitas kerja terhadap perusahaan', '2021-03-24 19:35:13', '2021-03-24 19:35:13'),
(56, 57, 86, 251, 1, '26113', '3273262907910002', 'Unan', 'Laki Laki', 'Islam', 'Bandung', '1991-07-29', 'Menikah', '082118031933', 'Dsn pasirloa rt/rw 02/07 desa kadakajaya kecamatan tanjungsari', 'Bekerja dengan sepenuh hati', 'Selalu memberikan yg terbaik', '2021-03-24 19:37:22', '2021-03-24 19:37:22'),
(57, 58, 86, 251, 1, '2814', '3203092311940005', 'ucu tatang kosasih', 'Laki Laki', 'Islam', 'cianjur', '1994-11-23', 'Menikah', '08112194469', 'kp panagan rt 002 rw 003 desa mekarjaya kec sukaluyu kab cianjur', 'menjadi karyawan yang dapat diandalkan dan bisa membawa nama baik perusahaan didepan masyarakat', 'memberikan yang terbaik menjaga komitmen dan kepercayaan nasabah', '2021-03-24 19:51:30', '2021-03-24 19:51:30'),
(58, 59, 86, 251, 1, '14912', '3204281404900001', 'Aep Saepudin', 'Laki Laki', 'Islam', 'Bandung', '1990-04-14', 'Menikah', '089648288958', 'Kp. Ciseke RT.03 RW.03 Desa Cikeruh Kecamatan Jatinangor Kabupaten Sumedang', 'Menciptakan Bank Syariah yang mampu berdaya saing dengan bank konvensional', 'Meningkatkan Bank Almasoem menjadi Bank Syariah yang lebih unggul', '2021-03-24 19:53:46', '2021-03-24 19:53:46'),
(59, 60, 86, 251, 1, '9115', '3206356011920004', 'Ai Heni', 'Perempuan', 'Islam', 'Tasikmalaya', '1992-11-20', 'Menikah', '08112194432', 'Kp Rancaekek Kulon RT/RW 004/005 DS. Rancaekek kulon Kec. Rancaekek Kab. Bandung', '-', '-', '2021-03-24 20:00:48', '2021-03-24 20:00:48'),
(60, 61, 86, 251, 1, '121114', '3204251206920001', 'KADARISMAN AKBAR', 'Laki Laki', 'Islam', 'BANDUNG', '1992-06-12', 'Menikah', '08112194468', 'Dusun Norongtong Rt. 002 Rw. 003 Ds. Cileles Kec.Jatinangor Kab. Sumedang', 'Berkarya sekaligus Mendistribusikan Gagasan-Gagasan Baru Dunia Hiburan Digital Indonesia untuk Dunia', '1. Mengembangkan pendidikan di bidang seni Digital dengan metode-metode yang mampu meningkatkan perspektif kekinian dalam bidang penciptaan dan pengkajian.\r\n\r\n2. Mendistribusikan hasil penciptaan dan pengkajian seni Digital (pertunjukan) untuk masyarakat luas.', '2021-03-24 20:01:34', '2021-03-24 20:01:34'),
(61, 62, 86, 251, 1, '141113', '3204272307890002', 'IRFAN MOCHAMAD RIZKYA', 'Laki Laki', 'Islam', 'BANDUNG', '1989-07-23', 'Menikah', '08112194408', 'KP BOJONG BADAK RT.04 RW.04 DESA CIKASUNGKA KECAMATAN CIKANCUNG KABUPATEN BANDUNG', 'Membahagiakan istri, anak dan kedua orang tua', 'Semangat terus pantang mundur', '2021-03-24 21:52:44', '2021-03-24 21:52:44'),
(62, 63, 86, 251, 1, '16310', '3211152905860005', 'DEPIK NUGRAH', 'Laki Laki', 'Islam', 'SUMEDANG', '1986-05-29', 'Menikah', '08112194470', 'Kp. Manirancan Rt 03 Rw 04 Desa Rancakasumba Solokanjeruk Kab. Bandung', 'Berdedikasi Berbakti Untuk Mengabdi', 'Memperbanyak Amal Ibadah', '2021-03-25 20:47:07', '2021-03-25 20:47:07'),
(63, 64, 86, 251, 1, '8515', '3211110903930007', 'Syarif Hidayatullah', 'Laki Laki', 'Islam', 'Bandung', '1993-03-09', 'Menikah', '08112385420', 'Perum CGH C1 / 30 RT 01 RW 02 Desa Cinanjung Kecamatan Tanjungsari Kabupaten Sumedang', 'Mengambil bagian dalam mencerdaskan kehidupan berbangsa melalui syariah Islam yang damai.', 'Meningkatkan kesadaran generasi muslim akan pentingnya akidah Islamiyah dan akhlakul karimah', '2021-03-25 21:27:08', '2021-03-25 21:27:08'),
(64, 65, 86, 251, 1, '3204', '3204280808820037', 'Asep Mulyadi', 'Laki Laki', 'Islam', 'Sukabumi', '1982-08-08', 'Menikah', '08112194274', 'Rancaekek Permai 2 Blok C1 No.19', 'Menjadikan PT BPRS AL MASOEM lebih berkembang dan bermanfaat untuk ummat.', 'Membangun bersama tuk Meraih kesuksesan bersama ummat', '2021-04-07 16:10:40', '2021-04-07 16:10:40'),
(65, 66, 86, 251, 1, '27318', '3211116712940004', 'Anneu Erlyana A', 'Perempuan', 'Islam', 'Sumedang', '1994-04-27', 'Menikah', '081322408310', 'Tanjungsari', '-', '-', '2021-04-09 01:07:24', '2021-04-09 01:07:24');

-- --------------------------------------------------------

--
-- Table structure for table `keluarga`
--

CREATE TABLE `keluarga` (
  `id` int(11) NOT NULL,
  `user_id` int(11) NOT NULL DEFAULT '0',
  `nama_keluarga` varchar(191) NOT NULL DEFAULT '0',
  `status` varchar(191) NOT NULL DEFAULT '0',
  `created_at` timestamp NULL DEFAULT NULL,
  `updated_at` timestamp NULL DEFAULT NULL
) ENGINE=InnoDB DEFAULT CHARSET=latin1;

--
-- Dumping data for table `keluarga`
--

INSERT INTO `keluarga` (`id`, `user_id`, `nama_keluarga`, `status`, `created_at`, `updated_at`) VALUES
(1, 48, 'Alya Nadya', 'Istri', '2021-03-24 18:31:14', '2021-03-24 18:31:14'),
(2, 13, 'Lina Marlina', 'Istri', '2021-03-24 19:48:21', '2021-03-24 19:48:21'),
(3, 13, 'Faisal Khairuddin Rukmana', 'Anak', '2021-03-24 19:48:47', '2021-03-24 19:48:47'),
(4, 13, 'Nazril Faturrahman Rukmana', 'Anak', '2021-03-24 19:49:11', '2021-03-24 19:49:11'),
(5, 16, 'senny kartika sari', 'Istri', '2021-03-24 20:21:56', '2021-03-24 20:21:56'),
(6, 16, 'nadya azzahra fariza milan', 'Anak', '2021-03-24 20:22:23', '2021-03-24 20:22:23'),
(7, 58, 'resi marsita', 'Istri', '2021-03-24 20:43:34', '2021-03-24 20:43:34'),
(8, 58, 'raka septian nugraha', 'Anak', '2021-03-24 20:43:58', '2021-03-24 20:43:58'),
(10, 2, 'ANNISA NURHASANAH', 'Istri', '2021-03-25 00:46:56', '2021-03-25 00:46:56'),
(11, 2, 'YOSSI ROSYAWATI', 'Orangtua', '2021-03-25 00:47:15', '2021-03-25 00:47:15'),
(12, 2, 'AZWAR TANJUNG', 'Orangtua', '2021-03-25 00:47:30', '2021-03-25 00:47:30'),
(13, 2, 'JULKIFAR NURCAHYA TANJUNG', 'Saudara Kandung', '2021-03-25 00:47:53', '2021-03-25 00:47:53'),
(14, 2, 'FANNY OKTAVIANI', 'Saudara Kandung', '2021-03-25 00:48:26', '2021-03-25 00:48:26'),
(15, 7, 'Hindra Yulianti', 'Istri', '2021-03-25 21:03:17', '2021-03-25 21:03:17'),
(16, 7, 'M. Nabil Muzakki', 'Anak', '2021-03-25 21:04:07', '2021-03-25 21:04:07'),
(19, 7, 'M. Azka Naizar Thufail', 'Anak', '2021-03-25 21:05:02', '2021-03-25 21:05:02'),
(20, 7, 'M. Akmal Syaquile Alfarez', 'Anak', '2021-03-25 21:06:43', '2021-03-25 21:06:43');

-- --------------------------------------------------------

--
-- Table structure for table `migrations`
--

CREATE TABLE `migrations` (
  `id` int(11) UNSIGNED NOT NULL,
  `migration` varchar(255) COLLATE utf8mb4_unicode_ci NOT NULL,
  `batch` int(11) NOT NULL
) ENGINE=InnoDB DEFAULT CHARSET=utf8mb4 COLLATE=utf8mb4_unicode_ci;

--
-- Dumping data for table `migrations`
--

INSERT INTO `migrations` (`id`, `migration`, `batch`) VALUES
(1, '2014_10_12_000000_create_users_table', 1),
(2, '2019_08_19_000000_create_failed_jobs_table', 1),
(3, '2020_03_11_041921_create_karyawan_table', 1),
(4, '2020_09_22_034003_create_golongan_table', 1),
(5, '2020_09_22_034026_create_jabatan_table', 1),
(6, '2020_09_22_034052_create_cabang_table', 1),
(7, '2020_09_22_034129_create_organisasi_table', 1),
(8, '2020_09_22_034146_create_pendidikan_table', 1),
(9, '2020_09_22_034221_create_jenjang_karir_table', 1),
(10, '2020_09_29_081357_create_pengalaman_kerja_table', 1),
(11, '2020_10_21_021540_create_cuti_table', 2),
(12, '2020_10_21_021449_create_izin_table', 3),
(13, '2020_10_21_021523_create_mutasi_table', 4);

-- --------------------------------------------------------

--
-- Table structure for table `mutasi`
--

CREATE TABLE `mutasi` (
  `id` int(11) UNSIGNED NOT NULL,
  `karyawan_id` int(11) NOT NULL,
  `jabatan_id` int(11) NOT NULL,
  `golongan_id` int(11) NOT NULL,
  `cabang_id` int(11) NOT NULL,
  `tanggal_mutasi` date NOT NULL,
  `status` varchar(255) COLLATE utf8mb4_unicode_ci NOT NULL,
  `keterangan` varchar(255) COLLATE utf8mb4_unicode_ci NOT NULL,
  `created_at` timestamp NULL DEFAULT NULL,
  `updated_at` timestamp NULL DEFAULT NULL
) ENGINE=InnoDB DEFAULT CHARSET=utf8mb4 COLLATE=utf8mb4_unicode_ci;

-- --------------------------------------------------------

--
-- Table structure for table `organisasi`
--

CREATE TABLE `organisasi` (
  `id` int(11) UNSIGNED NOT NULL,
  `user_id` int(11) UNSIGNED NOT NULL,
  `nik` varchar(191) COLLATE utf8mb4_unicode_ci NOT NULL,
  `nama_org` varchar(191) COLLATE utf8mb4_unicode_ci NOT NULL,
  `jabatan_org` varchar(191) COLLATE utf8mb4_unicode_ci NOT NULL,
  `periode_org` date NOT NULL,
  `status_org` varchar(191) COLLATE utf8mb4_unicode_ci NOT NULL,
  `created_at` timestamp NULL DEFAULT NULL,
  `updated_at` timestamp NULL DEFAULT NULL
) ENGINE=InnoDB DEFAULT CHARSET=utf8mb4 COLLATE=utf8mb4_unicode_ci;

--
-- Dumping data for table `organisasi`
--

INSERT INTO `organisasi` (`id`, `user_id`, `nik`, `nama_org`, `jabatan_org`, `periode_org`, `status_org`, `created_at`, `updated_at`) VALUES
(1, 13, '20310', 'Pecinta Alam Riksa Bumi', 'Bendahara', '2006-12-23', 'Aktif', '2021-03-24 19:46:17', '2021-03-24 19:46:17'),
(2, 16, '27713', 'OSIS', 'WAKIL KETUA I', '2005-05-25', 'Non Aktif', '2021-03-24 21:06:20', '2021-03-24 21:06:20');

-- --------------------------------------------------------

--
-- Table structure for table `pembiayaan`
--

CREATE TABLE `pembiayaan` (
  `id` int(11) UNSIGNED NOT NULL,
  `lemari` int(11) NOT NULL,
  `laci` varchar(191) NOT NULL,
  `no_berkas` int(11) NOT NULL,
  `no_akad` varchar(50) NOT NULL DEFAULT '',
  `cif` varchar(50) NOT NULL DEFAULT '',
  `no_ktp` varchar(50) NOT NULL DEFAULT '',
  `nama_nasabah` varchar(191) NOT NULL,
  `nama_ao` varchar(191) NOT NULL,
  `tanggal_pencairan` date NOT NULL,
  `status` varchar(191) NOT NULL,
  `created_at` timestamp NULL DEFAULT NULL,
  `updated_at` timestamp NULL DEFAULT NULL
) ENGINE=InnoDB DEFAULT CHARSET=latin1;

-- --------------------------------------------------------

--
-- Table structure for table `pendidikan`
--

CREATE TABLE `pendidikan` (
  `id` int(11) UNSIGNED NOT NULL,
  `user_id` int(11) UNSIGNED NOT NULL,
  `nik` varchar(191) COLLATE utf8mb4_unicode_ci NOT NULL,
  `nama_instansi` varchar(191) COLLATE utf8mb4_unicode_ci NOT NULL,
  `jurusan` varchar(191) COLLATE utf8mb4_unicode_ci NOT NULL,
  `jenjang` varchar(191) COLLATE utf8mb4_unicode_ci NOT NULL,
  `tahun_lulus` date NOT NULL,
  `created_at` timestamp NULL DEFAULT NULL,
  `updated_at` timestamp NULL DEFAULT NULL
) ENGINE=InnoDB DEFAULT CHARSET=utf8mb4 COLLATE=utf8mb4_unicode_ci;

--
-- Dumping data for table `pendidikan`
--

INSERT INTO `pendidikan` (`id`, `user_id`, `nik`, `nama_instansi`, `jurusan`, `jenjang`, `tahun_lulus`, `created_at`, `updated_at`) VALUES
(5, 8, '212', 'SMK Akuntansi', 'Akuntansi', 'SMA', '2018-10-10', '2021-01-12 03:11:51', '2021-01-12 03:11:51'),
(6, 5, '28905', 'AMIK AlMasoem', 'Komputerisasi Akuntansi', '--Pilih Salah Satu--', '2002-09-09', '2021-02-15 01:55:33', '2021-02-15 01:55:33'),
(7, 21, '30920', 'STIBANKS AL MASOEM', 'Perbankan Syariah', 'Sarjana (S1)', '2019-07-31', '2021-03-24 05:05:27', '2021-03-24 05:05:27'),
(8, 21, '30920', 'SMAN 4 BANDUNG', 'IPS', 'SMA', '2015-06-30', '2021-03-24 05:07:25', '2021-03-24 05:07:25'),
(9, 48, '010321', 'Institut Teknologi Bandung', 'Teknik Perminyakan', 'Sarjana (S1)', '2017-08-17', '2021-03-24 18:30:14', '2021-03-24 18:30:14'),
(10, 13, '20310', 'AMIK ALMASOEM', 'Manajemen Infortika', 'D3', '2009-08-16', '2021-03-24 19:44:56', '2021-03-24 19:44:56'),
(11, 10, '171218', 'STIBANKS ALMASOEM', 'PERBANKAN SYARIAH', 'D3', '2018-08-01', '2021-03-24 19:58:23', '2021-03-24 19:58:23'),
(12, 61, '121114', 'AMIK ALMASOEM', 'Manajemen Informatika', 'D3', '2012-09-08', '2021-03-24 20:06:25', '2021-03-24 20:06:25'),
(13, 28, '8115', 'AMIK AL MASOEM', 'Manajemen Informatika', 'D3', '2013-09-14', '2021-03-24 20:19:27', '2021-03-24 20:19:27'),
(14, 58, '2814', 'amik almaseom', 'komputerisasi akutansi', 'D1', '2013-05-07', '2021-03-24 20:42:20', '2021-03-24 20:42:20'),
(15, 2, '27319', 'SMA NEGERI 1 SUMEDANG', 'IPA', 'SMA', '2009-08-09', '2021-03-24 20:43:38', '2021-03-24 20:43:38'),
(16, 2, '27319', 'MASOEM UNIVERSITY', 'MANAJEMEN INFORMATIKA', 'D3', '2018-09-01', '2021-03-24 20:45:21', '2021-03-24 20:45:21'),
(17, 16, '27713', 'AMIK AL MASOEM', 'MANAJEMEN INFORMATIKA', 'D3', '2012-09-04', '2021-03-24 21:05:13', '2021-03-24 21:05:13'),
(18, 63, '16310', 'UNIVERSITAS ALMASOEM', 'MANAJEMEN INFORMATIKA', 'D3', '2009-07-10', '2021-03-28 04:14:03', '2021-03-28 04:14:03');

-- --------------------------------------------------------

--
-- Table structure for table `pengalaman`
--

CREATE TABLE `pengalaman` (
  `id` int(11) UNSIGNED NOT NULL,
  `user_id` int(11) UNSIGNED NOT NULL,
  `nik` varchar(191) COLLATE utf8mb4_unicode_ci NOT NULL,
  `nama_pr` varchar(191) COLLATE utf8mb4_unicode_ci NOT NULL,
  `jabatan_pr` varchar(191) COLLATE utf8mb4_unicode_ci NOT NULL,
  `th_masuk` date NOT NULL,
  `th_keluar` date NOT NULL,
  `alasan_resign` varchar(191) COLLATE utf8mb4_unicode_ci NOT NULL,
  `created_at` timestamp NULL DEFAULT NULL,
  `updated_at` timestamp NULL DEFAULT NULL
) ENGINE=InnoDB DEFAULT CHARSET=utf8mb4 COLLATE=utf8mb4_unicode_ci;

--
-- Dumping data for table `pengalaman`
--

INSERT INTO `pengalaman` (`id`, `user_id`, `nik`, `nama_pr`, `jabatan_pr`, `th_masuk`, `th_keluar`, `alasan_resign`, `created_at`, `updated_at`) VALUES
(1, 5, '28905', 'Rental dan Service Komputer MBM', 'Pengelola', '2001-03-03', '2001-09-01', 'Pindah bekerja ke Musa\'adatul Ummah Al Ma\'soem', '2021-02-15 02:00:39', '2021-02-15 02:00:39'),
(2, 5, '28905', 'Musa\'adatul Ummah Al Ma\'soem', 'Staff Administrasi', '2001-09-10', '2005-08-31', 'Pindah bekerja ke PT. BPR Syariah AlMasoem', '2021-02-15 02:03:24', '2021-02-15 02:03:24'),
(3, 13, '20310', 'PD. ABADI JAYA', 'Administrasi', '2006-03-25', '2010-03-25', 'Perusahaan Gulung Tikar', '2021-03-24 19:47:43', '2021-03-24 19:47:43'),
(4, 16, '27713', 'MINI MARKET', 'LEADER KASIR', '2008-03-25', '2008-11-25', 'KULIAH', '2021-03-24 21:08:15', '2021-03-24 21:08:15');

-- --------------------------------------------------------

--
-- Table structure for table `sk`
--

CREATE TABLE `sk` (
  `id` int(11) UNSIGNED NOT NULL,
  `user_id` int(11) UNSIGNED NOT NULL,
  `no_sk` varchar(191) NOT NULL,
  `judul` varchar(191) NOT NULL,
  `keterangan` varchar(191) NOT NULL,
  `file` varchar(191) NOT NULL,
  `tanggal_sah` date DEFAULT NULL,
  `created_at` timestamp NULL DEFAULT NULL,
  `updated_at` timestamp NULL DEFAULT NULL
) ENGINE=InnoDB DEFAULT CHARSET=latin1;

-- --------------------------------------------------------

--
-- Table structure for table `user`
--

CREATE TABLE `user` (
  `id` int(11) UNSIGNED NOT NULL,
  `nama_lengkap` varchar(191) COLLATE utf8mb4_unicode_ci NOT NULL,
  `email` varchar(191) COLLATE utf8mb4_unicode_ci NOT NULL,
  `level` varchar(191) COLLATE utf8mb4_unicode_ci DEFAULT NULL,
  `password` varchar(191) COLLATE utf8mb4_unicode_ci NOT NULL,
  `remember_token` varchar(191) COLLATE utf8mb4_unicode_ci NOT NULL,
  `avatar` varchar(191) COLLATE utf8mb4_unicode_ci DEFAULT NULL,
  `created_at` timestamp NULL DEFAULT NULL,
  `updated_at` timestamp NULL DEFAULT NULL
) ENGINE=InnoDB DEFAULT CHARSET=utf8mb4 COLLATE=utf8mb4_unicode_ci;

--
-- Dumping data for table `user`
--

INSERT INTO `user` (`id`, `nama_lengkap`, `email`, `level`, `password`, `remember_token`, `avatar`, `created_at`, `updated_at`) VALUES
(2, 'Wildan Yanuarsyah Tanjung', 'wieldhan.android@gmail.com', 'admin', '$2y$10$49sW054NY2dIzSSP2UFiE.LBkIfzQx.QamMx6K.O3oyP13NiVFDaO', 'IbPHcYHUoHKouYvt9qspw2LgUxNS2CwR6KrSIBGT9zwOIqgUFZylijMYkCSB', '29053-2021-02-09-08-16-24.JPG', '2020-08-24 18:46:02', '2021-02-09 01:17:41'),
(5, 'Iyan Sopyan', 'iyansopyan011@gmail.com', 'sdm', '$2y$10$dm2GOWfr1TA3EeIitXBoQeb08WebJ/JC5g.FcEP2cpNNzqWnK9CNy', 'V3jCS0QIajOssETRK0GE3Iq293UHzTJqIlpE8r3TYL1UjvUPId', NULL, '2021-02-15 01:20:56', '2021-02-15 01:20:56'),
(6, 'Apipudin', 'cyberaljawami@gmail.com', 'user', '$2y$10$Sb2vmu5csNO9W1CpHfeoUO7mFQcu5iJ1ZKACX1eaXb8xNYx4w5AXO', 'ZyXGd5lfdx6PA814HFL4ebLAgFCk2UkTfXq2zJx8k5j54uBNjn', NULL, '2021-03-24 02:24:53', '2021-03-24 02:24:53'),
(7, 'DEGIT TOPAN SUNANDAR', 'dewadewa2345@gmail.com', 'user', '$2y$10$bf5D4y4r9w1CnUTnxR1OJuejYxXv4dUC1TBvfnaYzk23XtPwiMkti', 'boMmqcAQySEUfYxySSeWXvI7fFZ8j5vTWgyDDzLDNO744c9ArHfMEiYwE3tB', '44618-2021-03-24-09-35-24.jpg', '2021-03-24 02:27:28', '2021-03-24 20:03:53'),
(8, 'LIA', 'arulfalah706@gmail.com', 'user', '$2y$10$BR6eylD9efDw2m8YLsPEDeq1iZdV8q.LvUxtWjJls/vP9qBM6sumO', '9hX0QdwEX0lRkCDnIY2QYMvWUvCT3MG96CizWkeZKkjGos24d7', NULL, '2021-03-24 02:30:49', '2021-03-24 02:30:49'),
(9, 'Ade Jajang', 'adejajangpss1@gmail.com', 'user', '$2y$10$Id5Z2qIo2pSdq.aS.zNfouPD1E9hX0lkbKwfAtqqCv/OkElVdeda6', '1MvttdUB5QRibcQcnaqMOdO6YbYWTWAh1is6a0z6foKMTkO51em1hTQ0fcnB', '82784-2021-03-24-13-38-35.jpg', '2021-03-24 02:37:30', '2021-03-24 06:38:35'),
(10, 'Wes Korni', 'weskorni07@gmail.com', 'user', '$2y$10$WCGsDHojAwqf17tHe49y6ePfr.MRqe1TpIMmzKM53iSUcWihlGBoq', 'AzuF2f4g1yDXmi2yjgZ8lsGOdhvoUSx7vkRCcuo0BRpyXTgypCFlanZ67pzw', '99363-2021-03-25-03-19-49.jpg', '2021-03-24 02:38:51', '2021-03-24 20:19:49'),
(11, 'Nurul Khotimah', 'nurulkhotimah1503@gmail.com', 'user', '$2y$10$ahXwZ8XR2WeBdmv3vEm0R.dD7MP4FO/43XBTtztVxGLox/XTOCOTq', '1lQkR2wTW5w8bqw7EZHaL1Ifcp3diGNVRq61DXP8UStUXwPGLfpQMXUbEtLz', NULL, '2021-03-24 02:48:24', '2021-03-24 02:48:24'),
(12, 'Diki sodikin', 'diki.dolz17@gmail.com', 'user', '$2y$10$PDCrV8I72blXDR3tN1lICORvtn0zEPnCBJDvAAVAU//tmf95Tqlfu', 'ogNUCmtKUGjPgJ121jqaX7TVz1Y4iEK8vNtBMIu8hBqQU5LW7njDPUmbQZtF', '12517-2021-03-26-04-26-18.jpg', '2021-03-24 02:51:56', '2021-03-25 21:26:18'),
(13, 'Rudi Rukmana', 'rudi.rukmana@gmail.com', 'user', '$2y$10$G7/nLE7kurzM194IEvODkee.oPNaVNLV07Toj.krrFUg6jH3l47.q', 'lVxuPTtYyck9LRSkNM1ZXCnwQJfQE3rlb5UQaVHIz3jpcH0BLaJLw3UPnKVB', '73457-2021-03-24-10-27-24.jpg', '2021-03-24 03:01:04', '2021-03-24 03:27:24'),
(14, 'Hidayat', 'hdy_tanujaya@yahoo.com', 'user', '$2y$10$uPNYfGFbsrdl/pfg2FK.su9xbloElHdg58cSiamlT6Yv8pZB/FzEO', 'h8lWLzYxr3X7RSmyruCQ2EOiAz5zUCC4rJKlAuxBBH8sEJbnSp', '65034-2021-03-24-10-03-23.JPG', '2021-03-24 03:01:24', '2021-03-24 03:03:23'),
(15, 'Handoko Windu Samiaji', 'handoko_win@yahoo.co.id', 'user', '$2y$10$8R2O8c9aNlJCWIJRo8FN6uGLH5P8MQXEJ2i4sS3AZUWo3bP/mpMjC', 'BeWbZhhxMdOSPitUacA1noBAy9cK0I4OBHaExfdlmIAzGKcdFr', NULL, '2021-03-24 03:03:11', '2021-03-24 03:03:11'),
(16, 'Amin Komarudin', 'mienz.kaka@gmail.com', 'user', '$2y$10$qV67Wv5Ms10imIDAHV2bDOSszTeWqKYgI0e5iWtbKR3EFDiPi.M4C', 'JBYkkI8XtXmOKJeK1eyXyJwc6NMYlcI620pTi39GppFM5lBg8JtReGuL16sg', '81627-2021-03-25-01-36-03.jpg', '2021-03-24 03:03:36', '2021-03-24 20:26:11'),
(17, 'WAWAN SETIAWAN', 'setiawan3138@yahoo.co.id', 'user', '$2y$10$U.X6BBVTwIwZSTAcymSz0Ot8KNV/.MSRKFaW8d/yHk.SOuKFT.9Ai', 'cBgrDZDUomuo8t1aznFLQzs1RZmJoVvdsQF3EUY5fTqzRbUYIPwcxSuL2eVI', '50780-2021-03-25-03-01-19.jpg', '2021-03-24 03:10:41', '2021-03-24 20:01:19'),
(18, 'ANGGA IHSAN PAMYUDI', 'anggaihsan21@gmail.com', 'user', '$2y$10$1jD48RdySHRuaqO2trLI1eG0ZZc2GOpXKOKAO9/2dExIpvguMCIF2', '9d0yGg5V78h0sQ5TSWElFsX3JFQ4nZP1u2RrPtlG7sMrKjNQnu', NULL, '2021-03-24 03:33:54', '2021-03-24 03:33:54'),
(19, 'Fahmy Ihsan Hilmi', 'fahmyihsanhilmi1234@gmail.com', 'user', '$2y$10$9sFt4FXSSAjVf.DM3oe03.qYyPDGbUHTulCGIJq723zlB2F4Z90Nq', 'nhva9DZRUFVoqVBB4kHckrwPBrqbtjJ4my5vyGs7X6sOQQ4Yj8TllPjZSr57', '56166-2021-03-24-12-08-07.jpg', '2021-03-24 03:43:08', '2021-03-24 05:08:07'),
(20, 'Asep Elly', 'AsepElly1234@gmail.com', 'user', '$2y$10$0B1PU1jOlGnhxj2eOxeHeO8iy1R6VkKNbNgQqoQhwCe4LV/GiI0qG', 'B6V19FRyPFDDrYbX1vwR1TPhCPKqhesGMp4sWywxHi80DAeX17', NULL, '2021-03-24 03:54:35', '2021-03-24 03:54:35'),
(21, 'VALIA ZADTYVA', 'valiazadtyva@gmail.com', 'sdm', '$2y$10$xO.eqvUhKpOLF1iXxqZlpeHbI.5ObarWmjZau9k2zcabb/c6EpKLS', '0xtFfe9ubTlmQ9RBZPGLG376acku80fwIx1a2kMz6CWcGVGJG3', NULL, '2021-03-24 03:55:38', '2021-03-24 03:55:38'),
(22, 'Herry Rahmadi', 'junotcozmic295@gmail.com', 'user', '$2y$10$4hXf1RT9z10MAp1lIkb3BeyGDD.g057Z6vY3ao08DWi577Zcc6pUm', '8B3PXme4rA7X8KVpeWv0DRDdx6mYT0tPEBGRGzgI848VEQBe32', NULL, '2021-03-24 04:02:57', '2021-03-24 04:15:35'),
(23, 'Herni Yuningsih', 'hernyyuningsih78@gmail.com', 'user', '$2y$10$p9mbAYbYut1ucjY.NAi7eOeK5p2t.XSuywXIZCDfv9wUbRrxBJe5i', 'LcjpCQektChoLEUkmu7CWdwGbaz9qTTm0r9nu8917rCeRgNnjH', NULL, '2021-03-24 04:09:52', '2021-03-25 21:05:49'),
(24, 'Yana mulyana', 'YANAMOELYANA@GMAIL.COM', 'user', '$2y$10$m2M.SvbW6Lbt3JK75H67rem/7SiG0NNy/wI87t4foyHDt9ZKqjxVa', 'xCGKo2GvUHni4SeE1k8JsnqenzzjfJ2aho0uqxnd22yaqWFvS03NYLbLksFs', '20649-2021-03-24-11-35-03.jpg', '2021-03-24 04:33:28', '2021-03-24 04:35:03'),
(25, 'Rita Rosafita', 'rosafitarita@gmail.com', 'user', '$2y$10$Uosf.Tpi4UmPHU6OMgyjiOaXacLW.GNSt6pbYTYKEKuHlZHEmmKDO', 'JWqxCWQaJHngTAvA91yqKVWFQGkPU3pH6HWuR4Uh0XKEWNaRRU', NULL, '2021-03-24 04:46:28', '2021-03-24 04:46:28'),
(26, 'ARIF DARMAWAN', 'Arifdarmawan1994@gmail.com', 'user', '$2y$10$aH8bj9zG91j6QVYXT5wcbOT5J/.2tlZcNebkL.v3bqB3qGDoRNn6O', 'Yh5QVQT9d8ef6orWhKWH5JYXat8GOFsiTlfMT3mS4nSrK8bzn8', '53024-2021-03-24-11-59-16.jpg', '2021-03-24 04:56:58', '2021-03-24 04:59:16'),
(27, 'GUGUN GUNAWAN', 'real.ggngunawan@gmail.com', 'user', '$2y$10$jxp4NdUEfOjhqvyfkR2GPuQK0tlBOlJBOURMRswKp0lmiZy.0plXW', 'uqF09vcXoX4npGPo1D3ozIRs1LiOxTvMoap50qiWDg1XIHADk5', NULL, '2021-03-24 05:04:21', '2021-03-24 05:04:21'),
(28, 'Maulana yusup', 'maulanayusup994@gmail.com', 'user', '$2y$10$tr8Tjm/yhhdBJ4s78J8R5O5haOA7GhbTNhC8mOYr6lll5BNauuakG', 'Tqqk7Th28Xs9eZJlV9MVuwHUrE9GFkkGwG1ZO1blQXHCmFMKivuWVLDYuMsB', NULL, '2021-03-24 05:07:01', '2021-03-24 05:07:01'),
(30, 'Adiyana Mulyana', 'adiyana.m12@gmail.com', 'user', '$2y$10$Zyb666yN6skLjPowhqB7k.vD/cGNWvwb/fJXNNCkbVipPDwdpnKMq', 'NwFoQlLQvhKyiGpBpQOSUk39KvbeP3R7EW2T5Xkrt7Uai3UvA0', '99665-2021-03-24-12-37-52.jpg', '2021-03-24 05:17:18', '2021-03-24 05:37:52'),
(31, 'Gungun Gunawan', 'ggunawan48@gmail.com', 'user', '$2y$10$Jfp2H1ujuZgNBtoEINBOuO7T8ttcsn9LgPcXRFFYg3HBg8mjK0bZ.', 'wKXK69jgSJIc1d5PhyEqI5wW63jauVKhhJaizEa48r93TPAcaP6rV9F1Sn6B', '21756-2021-03-24-12-22-45.jpg', '2021-03-24 05:19:06', '2021-03-24 05:22:45'),
(32, 'Rian Triyana', 'rianstriyana@gmail.com', 'user', '$2y$10$3Fe5C40yjYvb1jjjbtHwGuDoEQXSWXPbplX7UZe1OX.MajTwj2Uxm', 'kQEd77ZO2ytsBt0w6Q4unYYfypWmjUxwSa9NmXA4XIOhXSTeHH', NULL, '2021-03-24 05:19:38', '2021-03-24 19:52:58'),
(33, 'Riska Irmawati', 'riska.irmawati@gmail.com', 'user', '$2y$10$yF7bMjGHj1izscfgv5K3xOzG/C0xQl8DHQ3daUyDS/2fhuQ43ixd6', 'RX7FJp1fUPv3fi5fmHf9AneClBdYmIZS0ef3BnvOWOdtLfNMbYiM0tNmGPSV', '83473-2021-03-27-14-07-56.jpg', '2021-03-24 05:34:57', '2021-03-27 07:07:56'),
(34, 'Dewi Febrianti Daniswari', 'wiedyantigraha@gmail.com', 'user', '$2y$10$g.Q1QUOPkNMuo6ZFgkMdWOe.rLo5VBEuY4W/EUq6QLgXNoDInMuny', 'gl85bEdxQvfe5LrWmpOmL3ZO7o0vJ0tqI3RHEAUTMXHvf4NKxA', NULL, '2021-03-24 05:39:06', '2021-03-24 05:39:06'),
(35, 'Ida Faruda Yulianti', 'yuliantifarida@gmail.com', 'user', '$2y$10$VF4K/lEq0P4c5g3.xK8LtuHYI0R5uAiiA.fojch0.ler1Q4yD4/oy', 'bx32BHAy65fHO7JtXIGTY6vMG6YSbsVswGQckxledTymZKLA4z', '62242-2021-03-25-01-11-57.jpg', '2021-03-24 05:42:48', '2021-03-24 18:11:57'),
(36, 'Uus Muslih', 'uusmuslih7070@gmail.com', 'user', '$2y$10$tOdcXFftBISc0EIobnHAGuGxeA/I6K2K37qELzSMxJkWgLQzrDN0G', 'HMNyuFqVsapmLEUZqutWxuw8yi4bLdkA2UdtvOiJhd9IPox8Uu', NULL, '2021-03-24 06:17:28', '2021-03-24 06:17:28'),
(37, 'Bayu Setiadi', 'bayusetiadi02@gmail.com', 'user', '$2y$10$7OXiHInhufDNH1V33tCwtOZYTIty/teG0C/S1sRwHN7gAHull25sS', 'egybTrPcNxhGKxfCrNOhWwCb3qz7uSNrsFUdDUp318RCrNoO5R', NULL, '2021-03-24 06:32:26', '2021-03-24 06:32:26'),
(38, 'Ramdan Supriatna', 'dhan.ramdhans4@gmail.com', 'user', '$2y$10$61lz.A0bcbAaC0DVrxyr2uy4hWkHAQE8pzt6TWUbnPioY4MpIkM/q', 'G1W9RphiQ0sjHqsm7EniaWREPb2vLwWFjt233BPTo1gs9TD4ET', NULL, '2021-03-24 06:35:05', '2021-03-24 06:35:05'),
(39, 'Agus ismail S.HI', 'agusismailtea@gmail.com', 'user', '$2y$10$6T.4OwigOgr8hWMVBfhZMuYC0nXWo57g/CJqSYwNMAn6DyaBuYFHW', 'Sa4AA4fKtKakkdc5DU0lYmAMz91kni40hts6PsnScA2knEts3y8qdBaFkRLf', '57441-2021-03-25-02-38-52.jpg', '2021-03-24 06:37:03', '2021-03-24 19:39:32'),
(40, 'M. Amru Irawan', 'amruferry@gmail.com', 'user', '$2y$10$zIsKWqeUkkyhelfeXNlMUO3lauBrjWMq3q78PIZz4UZ3L03ofTc.e', 'sETO1ZBRsvxJoodGamsjiKdCmh8vCWtCcuy9oMhf6dG72dqHLfLKM5mVlWn7', NULL, '2021-03-24 06:37:41', '2021-03-24 06:37:41'),
(41, 'Uun Suntara', 'uunsuntara045@gmail.com', 'user', '$2y$10$jursd.tDBqm3IOd8PgyGE.gr8jHBTASliAjXiIAkbHZ57e8BZNZc.', '6p51P8esUzvHeRYWgSUnuAggaSWdSUDMzifvYdS2i6IeymmI7T', '43009-2021-04-08-08-37-46.jpg', '2021-03-24 07:12:38', '2021-04-08 01:37:46'),
(42, 'Zaini Muhammad Arief', 'zaini.m.arief@gmail.com', 'admin', '$2y$10$uZB0VotCTWwCMyBdyV3bO.f0FaC9XIGJuIvszBaih1qBjv.rYG1eG', 'O7C2TjvYN4UJpfBpjZiJtXcQlamxvesnCBNXtaWNLvKi8Mr3y2YVoAAXQG26', '79734-2021-03-24-14-26-57.jpg', '2021-03-24 07:18:14', '2021-03-24 07:26:57'),
(43, 'Hanif Mahfudin', 'mahfudzinhanif@gmail.com', 'user', '$2y$10$wF37O3fD8FOdFZcGp4g9Q.M1LhHTPJUj5z6VEcrns3QlwXaerizcO', 'wyAkUHNa2XdytZ7NNYQBWB8CHGzgFvo6SXhWpuLyMRp57bepg2gQqItfySaF', NULL, '2021-03-24 07:31:53', '2021-03-24 07:38:32'),
(44, 'Reni Rositawatty Sutresna', 'renirositawattysutresna@gmail.com', 'legal', '$2y$10$RLQD4sXb7EcGzpuF9SJ2MObjjUkVl79DAN8PEWfrBIWhNNiqLwWjC', 'W3K5pnBUigYW2bQt3aIO389f7TKw0m68fxjod6dz7iMLNpLaEF', '86561-2021-03-24-14-49-29.jpg', '2021-03-24 07:46:10', '2021-03-24 07:49:29'),
(45, 'Ai Komariah', 'Akkomariah@gmail.com', 'user', '$2y$10$xkp0St0Q2fAShYDn6yOM7.psTPuV9OM8SYHRr4mgwUIohM5jU4g3S', 'EsAL0qGzeawqqNQgqFxn6j79ILc2R9oztb4K5jqO1XR5X3ts2g', NULL, '2021-03-24 15:56:24', '2021-03-24 19:12:23'),
(46, 'AHMAD NUR TAOPIK', 'ahmadtaofik888@gmail.com', 'user', '$2y$10$.6AyuswApv9XBCUiEsTEbeOgL3rHqTmPRD9DomOq7IREkxyLlsnqC', 'bOeY0UUfTaqnJrd72Kqi7GASeow4peUfexVUBZFu23lzNQnvLIHDXCq07qYB', '12747-2021-03-25-01-26-22.jpg', '2021-03-24 18:20:57', '2021-03-24 18:26:23'),
(47, 'maman suryaman', 'mamansuryaman.mms@gmail.com', 'user', '$2y$10$JUmwSuaYLI57PGfny6YV9ed78PCW18sryVcgC5/knPWZLEFhRKNCW', 'dmhlyGRnNwFq4tToQugsmxvtVODtWmwZIMS2ixeuPRXygPAhh217onybqXk0', '82909-2021-03-25-01-37-40.jpeg', '2021-03-24 18:22:17', '2021-03-24 18:37:40'),
(48, 'Fauzan Makarim', 'makarimfauzan@gmail.com', 'user', '$2y$10$43oVNCTkKA9FHUyz3yVwT.jJST5Ts7B9icrJYjwAPEZe/8jlpocPm', 'zQlayKPOVcis82kbZAAWcFlc5xOrnER09KU0QrT2Nx2eTTT5NQ', '41209-2021-03-25-01-27-16.jpg', '2021-03-24 18:23:34', '2021-03-24 18:27:16'),
(49, 'Imam malik', 'imamabo99@gmail.com', 'user', '$2y$10$tJK8JK4NrQtvc.B2uGZ.C.xkEBS0V.G57vd2wW8P.z05gWj4.P8M.', '9jqvlhv0r6bHYiOGLCSyu0KZ3BxIvjt3Il3Ay8h2V8aLAaKvy4sSh1lT0dWH', NULL, '2021-03-24 18:38:50', '2021-03-24 18:38:50'),
(50, 'Didin Wahyudin', 'abdeebams@gmail.com', 'user', '$2y$10$e/6cLgsWOLpWVomXRFp/5eL59illPWe.tKQSfPTemAqkRHxJ3mGJC', '9jtjc6afzImIOsxSQsOeOFb0hvE0UsOW3FjCvJZJW3oFUm72NJ', NULL, '2021-03-24 18:51:39', '2021-03-24 18:51:39'),
(51, 'Piping', 'tukangsasapu@gmail.com', 'user', '$2y$10$uAyARkR4I15CBQzsGlqoze.FMMelv.QyUw.1LLB6KpUzk4cbVYd/a', 'aT6AK2E4OL0rDM6r3IWG1pQGzY5QBQp0rbNK1sM8szGeFENSEnGdhu6QEFad', NULL, '2021-03-24 19:07:27', '2021-03-24 19:07:27'),
(52, 'wawan suansyah', 'wawansuansyah06@gmail.com', 'user', '$2y$10$TNcBNX0kDGMV.3raPnUUoeHQ2m8uzWCVW5Zg0bdnpHnT.goANbWA6', 'p52M9QLq31mMcvDAuntnSN7oqAodT7W9m9XjyAeyuv66PNzGbW', '53825-2021-03-25-02-12-32.jpg', '2021-03-24 19:09:36', '2021-03-24 19:12:32'),
(53, 'Arief Hadiwijaya', 'ariefribbon@gmail.com', 'user', '$2y$10$3QW6oqyBl8o2mRivnnV3y.t.BnsrabV7TfGyR.JBn4vdMMX3K8X3W', 'k2B6PJiVIo8CQN5UUi6tl7aDqXHitE8y8ahwqr4MCuDYr2gpI0', NULL, '2021-03-24 19:20:29', '2021-03-24 19:20:29'),
(54, 'AGUS MULYANA', 'mulyana82agus@gmail.com', 'user', '$2y$10$gYY3rEjTkrBJPwFUp0bZ7eFAsPujmksjepJbB04x2UjR4SAiL1pp6', 'Ez8cHaVSgdMAD6Q7ZIzWwnjCphYbwKhxsm9I0GNGGOmMLyq0zB', '68534-2021-03-25-02-55-18.jpg', '2021-03-24 19:29:56', '2021-03-24 19:55:19'),
(55, 'Junaidi Sarabiti', 'junaidisarabiti@gmai.com', 'user', '$2y$10$olJaVQE8jBJQlVVw.ZtVveuIuYYcZQc9LKZhBCHz7XFIiEQSounZe', 'zWaFEmlq8Yw67UqNdI4d9lhdUqVMocmOizTu7PiZw4lpHPVpe7', NULL, '2021-03-24 19:31:09', '2021-03-24 19:31:09'),
(56, 'Muhammad muslim', 'mmuslim2801@gmail.com', 'user', '$2y$10$fX6lvo2ffqunNaJGUGHuBeMTnDHsqNgTC967qYm3a59TX3XJJWRIS', 'rDx7MaldiAkjVsKlMCCHpzyfdaIBIlG2BjbQTzx8BLBlQZgBsj', NULL, '2021-03-24 19:35:13', '2021-03-24 19:35:13'),
(57, 'Unan', 'umanubeh1933@gmail.com', 'user', '$2y$10$pAlaa.bwCQUZELOUottb/O3Pmley2/3fkziI01wkl5YggnARCk2bC', 'gK9w6X2jKw298AJWuB3qL3acOGY1GyBMKmEEbSgy6Ko8a9ojEG', NULL, '2021-03-24 19:37:22', '2021-03-24 19:37:22'),
(58, 'ucu tatang kosasih', 'resimarsita@gmail.com', 'user', '$2y$10$UJg1jBjImGZ0fkRbVb8LCuNEl419m/q9bPQODxzJLxO0lIEd6Ap3m', 'WwESShHLLzB6jXobVAlS32vtiuMrEVwt4it80S6XlslKCLPyG4', '69178-2021-03-25-03-55-33.JPG', '2021-03-24 19:51:30', '2021-03-24 20:55:33'),
(59, 'Aep Saepudin', 'aepsaepudin1990@gmail.com', 'user', '$2y$10$XichBDwIPr/To.Ftb7Efe.3jfuIVOg47aKEa4xDG4/erQ117Xm4YC', 'PNcIbzpPffB0voOTd71jBfUq5zx9ySMlc6O1oe1rbdoaydT9l7', NULL, '2021-03-24 19:53:46', '2021-03-24 19:53:46'),
(60, 'Ai Heni', 'ahent20@gmail.com', 'user', '$2y$10$jnxFR4rKAyeQNFSEnQMkGuKahedlOZWOXoWnpMwW2OJjGkFyeoxZe', 'Dyj1pDEr4FlBJF7zjGdhTowa5GDMLLIQhR6IM9AA5QBv9Ed7gh', NULL, '2021-03-24 20:00:48', '2021-03-24 20:00:48'),
(61, 'KADARISMAN AKBAR', 'Kadarisman.akbar@gmail.com', 'user', '$2y$10$LRENdIphQJIMetjT4WE.O.KrAfOqwWyYZ02QoiXOoQajj8NpvDGRC', 'qhhZsJaxSd40xeeFZW5JPjPWT4tqzbannoiomgOTuBATGzsK5Z', NULL, '2021-03-24 20:01:34', '2021-03-24 20:01:34'),
(62, 'IRFAN MOCHAMAD RIZKYA', 'irfanbams89@yahoo.com', 'user', '$2y$10$XWND0FxRl27Q/wpcfPtICOIuE4bH9IfLPRxPHFjpkcWTJjDRI0lfq', 'r9UbzG7RJGMmMsU37aLIuNdEbry5nCJZoeMfw9l0niLRyw1mmTCIy4sHBp47', '38200-2021-03-25-05-00-44.jpg', '2021-03-24 21:52:44', '2021-03-24 22:00:44'),
(63, 'DEPIK NUGRAH', 'evokserin@gmail.com', 'user', '$2y$10$5oCpnIQF5v/4Ed5X7Alc0OTsYk.Pyl2L.NpdOoUw8O3uHNmD4dNTO', 'ZXOmSqgO4KNGLADtxAsvDz1levEAWnmspMk1rJCsJYSpglaCX3', '12407-2021-03-28-11-33-47.jpg', '2021-03-25 20:47:07', '2021-03-28 04:33:47'),
(64, 'Syarif Hidayatullah', 'rief.hida@gmail.com', 'user', '$2y$10$dNuB7hvEQCcgSnikRxaG5.Dq6mtkFwMn.03OPDnuKhlVSK3juCHaq', 'IFkRBBJf21Pdq1iB6LlY82eNZL7SePLoubYSfdvX1Er5zeSYBj', NULL, '2021-03-25 21:27:08', '2021-03-25 21:27:08'),
(65, 'Asep Mulyadi', 'asepmoelyadi82@gmail.com', 'user', '$2y$10$VwGmuT1t0zo0BQs73tyN.uu0YS/E/CI1kpenHOCyCMOMImvWY34N2', 'VneZa9zJQaSDHK88BrJcnV33XhsXz6iEdEXWysC36UhGpHsDdo', NULL, '2021-04-07 16:10:40', '2021-04-07 16:10:40'),
(66, 'Anneu Erlyana A', 'anneu.erlyana@yahoo.com', 'user', '$2y$10$RXb2E.gAxupvFBDZbqujdeeAbEhGeJUHfxM7WSmeAgG.8oSYxhfo.', 'e5yrXHxLZypiPi1JanzifQVJ9revRQhfncFJj567OKcPYxKLMS', NULL, '2021-04-09 01:07:24', '2021-04-09 01:07:24');

--
-- Indexes for dumped tables
--

--
-- Indexes for table `cabang`
--
ALTER TABLE `cabang`
  ADD PRIMARY KEY (`id`);

--
-- Indexes for table `cuti`
--
ALTER TABLE `cuti`
  ADD PRIMARY KEY (`id`);

--
-- Indexes for table `failed_jobs`
--
ALTER TABLE `failed_jobs`
  ADD PRIMARY KEY (`id`);

--
-- Indexes for table `golongan`
--
ALTER TABLE `golongan`
  ADD PRIMARY KEY (`id`);

--
-- Indexes for table `izin`
--
ALTER TABLE `izin`
  ADD PRIMARY KEY (`id`);

--
-- Indexes for table `jabatan`
--
ALTER TABLE `jabatan`
  ADD PRIMARY KEY (`id`);

--
-- Indexes for table `jenjang_karir`
--
ALTER TABLE `jenjang_karir`
  ADD PRIMARY KEY (`id`);

--
-- Indexes for table `karyawan`
--
ALTER TABLE `karyawan`
  ADD PRIMARY KEY (`id`),
  ADD UNIQUE KEY `user_id` (`user_id`);

--
-- Indexes for table `keluarga`
--
ALTER TABLE `keluarga`
  ADD PRIMARY KEY (`id`);

--
-- Indexes for table `migrations`
--
ALTER TABLE `migrations`
  ADD PRIMARY KEY (`id`);

--
-- Indexes for table `mutasi`
--
ALTER TABLE `mutasi`
  ADD PRIMARY KEY (`id`);

--
-- Indexes for table `organisasi`
--
ALTER TABLE `organisasi`
  ADD PRIMARY KEY (`id`);

--
-- Indexes for table `pembiayaan`
--
ALTER TABLE `pembiayaan`
  ADD PRIMARY KEY (`id`);

--
-- Indexes for table `pendidikan`
--
ALTER TABLE `pendidikan`
  ADD PRIMARY KEY (`id`);

--
-- Indexes for table `pengalaman`
--
ALTER TABLE `pengalaman`
  ADD PRIMARY KEY (`id`);

--
-- Indexes for table `sk`
--
ALTER TABLE `sk`
  ADD PRIMARY KEY (`id`);

--
-- Indexes for table `user`
--
ALTER TABLE `user`
  ADD PRIMARY KEY (`id`),
  ADD UNIQUE KEY `users_email_unique` (`email`);

--
-- AUTO_INCREMENT for dumped tables
--

--
-- AUTO_INCREMENT for table `cabang`
--
ALTER TABLE `cabang`
  MODIFY `id` int(11) UNSIGNED NOT NULL AUTO_INCREMENT, AUTO_INCREMENT=12;

--
-- AUTO_INCREMENT for table `cuti`
--
ALTER TABLE `cuti`
  MODIFY `id` int(11) UNSIGNED NOT NULL AUTO_INCREMENT;

--
-- AUTO_INCREMENT for table `failed_jobs`
--
ALTER TABLE `failed_jobs`
  MODIFY `id` int(11) UNSIGNED NOT NULL AUTO_INCREMENT;

--
-- AUTO_INCREMENT for table `golongan`
--
ALTER TABLE `golongan`
  MODIFY `id` int(11) UNSIGNED NOT NULL AUTO_INCREMENT, AUTO_INCREMENT=252;

--
-- AUTO_INCREMENT for table `izin`
--
ALTER TABLE `izin`
  MODIFY `id` int(11) UNSIGNED NOT NULL AUTO_INCREMENT;

--
-- AUTO_INCREMENT for table `jabatan`
--
ALTER TABLE `jabatan`
  MODIFY `id` int(11) UNSIGNED NOT NULL AUTO_INCREMENT, AUTO_INCREMENT=87;

--
-- AUTO_INCREMENT for table `jenjang_karir`
--
ALTER TABLE `jenjang_karir`
  MODIFY `id` int(11) UNSIGNED NOT NULL AUTO_INCREMENT;

--
-- AUTO_INCREMENT for table `karyawan`
--
ALTER TABLE `karyawan`
  MODIFY `id` int(11) UNSIGNED NOT NULL AUTO_INCREMENT, AUTO_INCREMENT=66;

--
-- AUTO_INCREMENT for table `keluarga`
--
ALTER TABLE `keluarga`
  MODIFY `id` int(11) NOT NULL AUTO_INCREMENT, AUTO_INCREMENT=21;

--
-- AUTO_INCREMENT for table `migrations`
--
ALTER TABLE `migrations`
  MODIFY `id` int(11) UNSIGNED NOT NULL AUTO_INCREMENT, AUTO_INCREMENT=14;

--
-- AUTO_INCREMENT for table `mutasi`
--
ALTER TABLE `mutasi`
  MODIFY `id` int(11) UNSIGNED NOT NULL AUTO_INCREMENT;

--
-- AUTO_INCREMENT for table `organisasi`
--
ALTER TABLE `organisasi`
  MODIFY `id` int(11) UNSIGNED NOT NULL AUTO_INCREMENT, AUTO_INCREMENT=3;

--
-- AUTO_INCREMENT for table `pembiayaan`
--
ALTER TABLE `pembiayaan`
  MODIFY `id` int(11) UNSIGNED NOT NULL AUTO_INCREMENT;

--
-- AUTO_INCREMENT for table `pendidikan`
--
ALTER TABLE `pendidikan`
  MODIFY `id` int(11) UNSIGNED NOT NULL AUTO_INCREMENT, AUTO_INCREMENT=19;

--
-- AUTO_INCREMENT for table `pengalaman`
--
ALTER TABLE `pengalaman`
  MODIFY `id` int(11) UNSIGNED NOT NULL AUTO_INCREMENT, AUTO_INCREMENT=5;

--
-- AUTO_INCREMENT for table `sk`
--
ALTER TABLE `sk`
  MODIFY `id` int(11) UNSIGNED NOT NULL AUTO_INCREMENT;

--
-- AUTO_INCREMENT for table `user`
--
ALTER TABLE `user`
  MODIFY `id` int(11) UNSIGNED NOT NULL AUTO_INCREMENT, AUTO_INCREMENT=67;
COMMIT;

/*!40101 SET CHARACTER_SET_CLIENT=@OLD_CHARACTER_SET_CLIENT */;
/*!40101 SET CHARACTER_SET_RESULTS=@OLD_CHARACTER_SET_RESULTS */;
/*!40101 SET COLLATION_CONNECTION=@OLD_COLLATION_CONNECTION */;
